bin_ms,norm,frac_sig,median_pct,n
20,L1,0.47619047619047616,5.7,63
20,L2,0.4444444444444444,9.1,63
50,L1,0.49206349206349204,6.950000000000001,63
50,L2,0.3968253968253968,11.85,63
100,L1,0.5079365079365079,4.1000000000000005,63
100,L2,0.47619047619047616,7.000000000000001,63
250,L1,0.4603174603174603,6.2,63
250,L2,0.47619047619047616,6.9,63
500,L1,0.47619047619047616,5.45,63
500,L2,0.4603174603174603,6.4,63
750,L1,0.4603174603174603,6.550000000000001,63
750,L2,0.4126984126984127,6.65,63
1000,L1,0.38095238095238093,13.05,63
1000,L2,0.38095238095238093,12.15,63
