array,channel,electrode_id,error,n_sig_cells,rf_size,snr,ecc
9,0,545,56.064298866623574,2,2.4756407224112627,55.643583346340925,4.107005455839897
9,1,546,19.01600770655792,2,2.666837814283295,51.156177051983455,3.9769780735960367
9,2,547,31.785674016642037,2,3.4344015908972128,76.71781429047522,3.934060669794387
9,3,548,26.360901585901345,2,3.876505716284246,66.8928417414602,3.923505220827767
9,4,549,37.84511952181836,2,3.8455991788254886,56.81620128633086,3.8541752114210523
9,5,550,34.124430108029486,2,4.118414627367768,47.06449024090042,3.7608534282705044
9,7,552,36.99851124105726,2,5.33652841488504,39.01789727049419,3.7087210592694944
9,11,556,6.967116948219257,2,3.4569979969943483,76.36656227780861,3.910981759691027
9,12,557,41.331700832234,2,4.199064733926811,61.121204044160294,3.9036543892636675
9,13,558,35.87755389068836,2,4.494007329062126,36.16981993881552,3.779980507829067
9,16,561,59.930574050805994,2,2.054554692301566,65.58300095936757,4.158829390861461
9,17,562,17.88276172139858,2,1.6782445242798465,61.29994234199011,4.168271456015855
9,19,564,19.496091981921438,2,3.766329748997141,52.563768359412535,4.055674293311025
9,20,565,21.327516213101376,2,5.075772542595457,46.13812330652101,4.151688885379321
9,21,566,37.430883463892386,2,5.595114688065088,52.168848553124256,4.210118832436638
9,22,567,45.01433029603008,2,6.263456090362643,44.359805943519326,4.129452955739359
9,23,568,50.67963823748508,2,5.994304015122119,31.67220238340215,4.252617025305023
9,25,570,20.933524918701753,2,2.9449154459480136,97.64693925164164,4.188336203089663
9,26,571,43.167609143634394,2,3.388759521543672,79.04925427421051,4.159499582573011
9,27,572,27.173062814896085,2,4.801197290550308,53.22080207365687,4.328068897119231
9,28,573,22.436611524254232,2,6.540943200979054,36.44108805537968,4.448459569620306
9,29,574,31.538091401471874,2,5.643134240054259,39.82148681227321,4.141958314578145
9,30,575,40.368771899484926,2,6.074130952323978,28.748301383842097,4.23090998001931
9,31,576,35.9711915604659,2,6.6366914730112825,22.742595699048916,4.509363344858289
9,32,513,26.611328965987482,2,3.934180856478221,51.03096207745761,4.069250251846075
9,37,518,28.250747503899266,2,4.34695606652463,34.3456865787295,3.3955509905957433
9,38,519,35.3727453492062,2,3.565188086185892,37.61558613049012,3.3993939847070926
9,39,520,36.46967382474632,2,3.530060650189445,39.68505403223778,3.4201621331857854
9,40,521,41.120797769009506,2,3.513816896929483,35.74607059193921,4.10262931670868
9,41,522,27.390154678200858,2,3.8631335814603833,19.031407784775745,4.006892732894315
9,42,523,7.6943916634954235,2,4.511224100878199,43.69692899938269,3.9298392532450577
9,43,524,45.596785507989885,2,5.135430551700528,25.856851699789576,3.597809619720727
9,44,525,26.666176913201767,2,4.95894103612337,51.290058648401654,3.5235503306924825
9,45,526,41.13917759549223,2,3.8383478650194527,52.54886284079211,3.7435933886443507
9,46,527,28.662743474600425,2,3.735651916778493,58.54475337817914,3.6922168417479746
9,47,528,41.008168060699745,2,4.336803054140962,49.21715985871178,3.2816091594149115
9,48,529,34.405397284491336,2,3.8488291887951034,52.67628097512036,3.9252746198012476
9,49,530,43.7220920409209,2,4.272019289279356,42.229431269646994,4.084038045610074
9,53,534,31.118217490204973,2,3.747539998502536,63.65048452283767,3.666558152373457
9,54,535,23.865801168579637,2,3.6631521537921934,65.44373892830376,3.5868020512411647
9,55,536,44.00490775380922,2,3.667755954479383,46.017016004416774,3.422908999004723
9,56,537,35.31554174466453,2,3.2878463941776666,29.876371788840473,4.076597294634704
9,57,538,32.05453122922805,2,3.8564770637513375,52.62565742116953,3.9015374106971605
9,58,539,15.828350512801606,2,3.8051718640975793,56.40248517418295,3.9205670265978516
9,61,542,38.90537672514593,2,3.667389207786669,53.81271544592897,3.5871847753557735
9,62,543,24.99464251342448,2,3.5261470347567223,46.545618733474655,3.569793477118959
10,0,577,80.15098258062324,1,4.10444100695545,56.16774572700089,4.706098466070693
10,1,578,22.619235050526683,1,7.19352756624005,23.663628897375,5.020551706639119
10,4,581,17.668730240928056,1,6.360339832673433,35.5609852483509,5.829238504174577
10,5,582,0.020423792703681443,1,5.665510068854972,32.826068043916834,5.447206312975885
10,6,583,28.688445622100716,1,4.828777419933042,38.14558638763378,5.4605030790417475
10,7,584,41.160599478036545,1,6.335249005120553,30.822948573207263,5.254579786872769
10,8,585,13.549249487553766,1,7.53877861629883,29.518202990121488,5.199247427232034
10,10,587,13.596840474100148,1,6.948462112096754,42.54210878075665,5.794525154076848
10,11,588,27.532850070394176,1,6.798492757061938,33.43459779753491,5.907031917737508
10,12,589,59.91192469705179,1,6.693757580007508,32.32074902967261,5.913299510322894
10,13,590,14.564122339736713,1,6.990899800248617,30.259140445044583,5.841186066037907
10,14,591,5.484005027235526,1,6.334874240276394,38.464513688594664,5.888199796823392
10,18,595,70.32696146821715,1,7.750273501521304,23.0603241093135,6.171123108199969
10,19,596,31.726985321796946,1,6.952672494877037,31.218795929213965,6.252782846970474
10,20,597,5.510555125073466,1,6.321351158029957,39.69562969523583,6.008438567889116
10,21,598,14.676241000386739,1,6.479002598856733,42.664958655381774,6.086201288246623
10,22,599,22.872326088943694,1,6.005699382032793,26.941108833046016,5.900069676635653
10,24,601,1.2805463515758504,1,8.385523013185063,55.891000350416334,6.374855162431545
10,27,604,11.766023000152217,1,7.407442569297142,18.775706565952508,6.407352840743224
10,28,605,60.57406154518321,1,7.728967539424929,26.939431325078314,6.516027310528674
10,29,606,2.8459541297657154,1,6.689919400844351,35.62122528902971,6.404448043445326
10,30,607,10.796842163587812,1,5.759033896921054,40.79981505844699,6.284977726755383
10,31,608,9.546304421164677,1,5.812683338198607,50.68675250459924,6.480187199069386
10,33,610,7.170221955902861,1,7.247743629780757,46.78134190452319,7.1119570505909255
10,35,612,58.085419311443616,1,8.100856176053728,26.071902919050608,6.854260878428838
10,36,613,17.48769489733121,1,7.0769133346820325,29.116611073249604,6.798040140269706
10,37,614,26.665178785679785,1,6.609606678457315,29.093719508474365,6.777475634969452
10,38,615,79.23225350644383,1,6.982534435378077,30.63783351860205,6.451222264679775
10,39,616,2.443533258332593,1,6.224173554012845,28.34311862633024,6.2347952643925675
10,44,621,23.74956336187853,1,8.479980463008786,22.145250396959412,6.9897025959150865
10,45,622,10.020725503567007,1,7.043746173562952,29.02673060964042,6.882603272226095
10,46,623,83.22899683002589,1,6.4248296327669605,43.011616672316016,6.822610910937923
10,47,624,56.30964660646732,1,5.9962484062294825,48.74770361446142,7.04491380479891
10,52,629,33.73623409006177,1,8.286594204203402,23.50079928563551,6.804555369023442
10,53,630,1.2007683677356056,1,7.002540434867799,43.92472154529134,7.041745746362759
10,54,631,51.945947467596284,1,7.072530725564432,42.783713223465966,7.057343586914394
10,60,637,14.76717367459969,1,9.502262991885289,35.87369308444774,5.366863280116009
11,0,673,37.218458173769434,1,3.1385349548713672,47.893151701469876,8.182992369976283
11,1,674,30.590857323866558,1,3.4858912128438013,112.44953599315971,7.947523742099388
11,4,677,73.0047890807766,1,2.4509275745555734,62.56131819505491,7.083092372650327
11,5,678,1.0005612400672135,1,1.7020939549769791,74.38084658130501,7.077448401730219
11,6,679,32.05033086603612,1,1.823433174131354,78.79394979426291,7.063599289642268
11,8,681,0.8862072137915789,1,2.293771202563017,25.46136932410241,8.166294583144616
11,9,682,49.36542726695308,1,5.021915304993842,85.35209588422833,8.066169916272575
11,11,684,25.716706278361755,1,2.41093651014306,39.15659965002212,7.488143520213018
11,12,685,36.79659590267946,1,1.6613059489857216,69.3491924694818,7.378965176077031
11,13,686,22.616727736944938,1,1.7970669861254385,83.57761079374886,7.183970920413785
11,14,687,20.56579021134354,1,1.7797920520557164,83.45872621523915,7.176868577269436
11,19,692,56.622653580780124,1,1.9592396304950177,77.13258543289626,7.685234302173442
11,20,693,28.11273706709551,1,2.031623696606182,62.948001950709184,7.651893454509296
11,21,694,0.07004891261122737,1,1.9488682807814608,48.76018382171963,7.4074461123976185
11,22,695,64.21692773852857,1,1.622705320817385,56.02093397860035,7.385161393355517
11,25,698,20.71616691444453,1,2.2185385294680326,82.2259370930664,8.27267238699381
11,26,699,17.043941884852643,1,2.241500598265743,54.65568313397544,8.205534947074913
11,27,700,61.891626950928654,1,2.2048945298322185,66.53806957573943,7.828128571981703
11,30,703,4.767612576795216,1,1.9696372696212616,56.307809648828176,7.66455289233112
11,32,641,30.18770964222752,1,2.1652916854198456,31.49169884293961,7.049681228190573
11,33,642,8.281110225447094,1,1.7620741824426538,57.70505691041695,6.828221997313562
11,34,643,14.983016287413683,1,1.573827894803732,48.81344046555048,6.563834103490426
11,37,646,23.84463616783833,1,1.882396923289048,100.65544768395088,6.305134416072542
11,38,647,11.417118859651602,1,1.7792973716311882,43.08714583766924,6.121062838816724
11,40,649,55.04815938256297,1,2.1555410071267507,47.45941024388296,7.349594763121629
11,45,654,64.97233018042421,1,1.913251554126666,82.38903194237794,6.422914283694457
11,46,655,54.465246218038544,1,1.9080892289814,82.13073428597438,6.4031402474437495
11,47,656,0.42066811134650806,1,1.5488318194670756,109.62690014666524,6.248683029567988
11,48,657,2.6958754556953437,1,3.2949313222686616,100.7128485382699,7.716143972789711
11,52,661,71.91135090234046,1,2.5374269029504184,48.877243446735555,6.874079159815005
11,53,662,18.261321118840367,1,1.5936329109679193,38.86086056709959,6.53991980429774
11,54,663,32.85429102325472,1,1.619862200839278,56.65428044150657,6.424356447406357
11,55,664,6.611557698720347,1,1.7304453015785335,101.93485062786968,6.4820653610693135
11,60,669,48.185331620503774,1,2.5645056407406064,86.13319508203404,6.8982553075052975
11,62,671,9.151982135149154,1,1.6506039651844022,74.26225621987177,6.668110762033441
11,63,672,8.200485802438322,1,1.4751442855525647,92.29061684128727,6.5678660965268945
14,1,834,32.631314072303,8,4.936663765220125,21.12683242404043,2.301498184829191
14,3,836,19.962953985516958,8,2.281688307944538,76.51903831877482,5.141845797807806
14,4,837,13.844830919561609,8,2.277113753903784,80.46207822665296,5.156177906172765
14,5,838,43.0011817937457,8,5.069150263641312,19.315533109229367,2.491959141608001
14,6,839,54.03255706833201,8,4.785490037369796,25.826609627552287,2.1812112334773093
14,7,840,47.07115329513272,8,5.545247580902175,40.15341550768823,2.5079906390181543
14,8,841,39.45207295452805,8,3.751822069966892,15.607439986933354,2.269001731413263
14,10,843,48.693473089342,8,5.366075832587444,39.177047781569435,2.30227386751265
14,11,844,38.0393916840386,8,5.192476078091743,20.428461462204865,2.3098759239659885
14,13,846,33.080303253682004,8,4.740383107575048,31.42716461839982,2.6373389348972553
14,14,847,10.887653538121578,8,5.276277822759412,30.3193863663811,2.512432492381943
14,15,848,22.458295876058035,8,5.828154600907396,37.04948622187999,2.587911675590577
14,16,849,19.369994609580527,8,4.635064963536168,15.064783950550584,2.330137529577678
14,20,853,31.00343881739674,8,4.255510377868268,27.44790949484408,2.5130222283787864
14,21,854,4.994572077551524,8,4.464395475907666,33.75963101166642,2.653337624981639
14,22,855,7.264837364285377,8,4.420268480926006,53.81532991738923,2.4019311106123653
14,23,856,17.199846744364514,8,5.618757471457019,25.171335739904222,2.5136068472843043
14,24,857,44.644417596029385,8,4.914494965694632,24.34149368037428,2.51754896095034
14,25,858,57.364298594943335,8,5.978098827836687,24.216310630913473,2.642171505299543
14,26,859,47.18701196086472,8,6.356666956309999,34.137679132197846,2.7448269730781747
14,29,862,21.50992462197473,8,4.397911969174105,34.264072154906124,2.585766132635732
14,30,863,16.571080447934825,8,4.35054459090639,40.00587465457409,2.6199553622338483
14,31,864,31.737325653329968,8,4.315585636243397,40.26340429696012,2.6312541673981373
14,36,869,38.163040709091206,8,5.902745206542279,33.576341081188765,2.6969595096783183
14,37,870,27.790984165100483,8,5.485515791135372,37.52711240051079,2.910129612974472
14,38,871,10.074611987547357,8,4.264361874698332,38.65637729337664,2.769425138722199
14,39,872,11.077388790379523,8,5.2094602168961215,37.848614796739966,2.9662140790355256
14,40,873,57.09213153468456,8,5.0427129097430585,28.566663060304,2.708002905772745
14,41,874,14.002257134071193,8,4.940982928861417,14.537855638075524,2.6764787728915183
14,42,875,28.520354015800166,8,4.398890842837877,12.8377476958734,2.8085720597219286
14,43,876,41.572370837506064,8,5.509823709291278,31.775657009205567,2.7262135998233883
14,46,879,21.488011370534753,8,4.658833640886764,33.10274985983593,2.5623804789824143
14,47,880,17.548282917647175,8,5.118763717166459,40.829511625838954,3.053763797077323
14,48,881,16.660417265802504,8,5.211159173710586,40.598004342348446,3.0436946713833204
14,49,882,61.69131133216962,8,4.730044526361132,40.811212554832345,2.7486671043242508
14,50,883,45.1603837461138,8,4.569004948027168,13.103171393801391,2.866515854660372
14,52,885,51.27400471781951,8,6.0637010142651215,41.299095733312384,3.0106310051022027
14,56,889,37.733751345479554,8,5.139520013575003,21.083769233142903,3.0290622436718775
14,57,890,11.374992622169458,8,4.962336550480919,38.915988300983216,2.9676060502058736
14,58,891,18.78300030245076,8,5.06996638623422,38.165222092534634,3.115427673085597
14,59,892,16.551599250784566,8,4.7299054165053445,41.248204295943694,3.035651875607009
14,62,895,11.310338798929752,8,5.704831922041117,33.712355216747554,3.3249519089496165
14,63,896,37.16779547586812,8,5.151855679242,43.00607515143014,3.3579334324309333
16,7,968,26.74270294599898,9,3.1221250010451405,25.19547135688239,1.443449717254327
16,8,969,28.52795911348761,9,4.443783731824374,27.788567902110927,1.5416595538200406
16,13,974,11.157864508028359,9,4.336606294700093,20.07132119447087,1.7073631972489431
16,15,976,21.207402833158323,9,4.627836666055647,25.803324929692735,1.7513183894344049
16,18,979,15.38438683242695,9,4.290892774869676,27.77463259799488,1.9448593960187128
16,19,980,22.13018024285512,9,4.629524713957868,37.41280895099475,2.0156903925904754
16,20,981,35.68869726541263,9,5.4292188082725135,35.190312961821256,2.118382606604905
16,21,982,39.42800331712597,9,4.276561032939384,25.863651480160343,1.5699449361956594
16,24,985,36.73623000580407,9,4.586534980313464,23.63174275514691,1.6342387520478268
16,25,986,21.15982179105978,9,4.594864894075553,24.43492457268092,2.0144709340229254
16,26,987,5.544560422892902,9,3.966686756691455,26.613330675638657,2.1776957970025084
16,28,989,16.78991349786848,9,5.5401145785799715,28.52443157455214,2.0942707576708157
16,31,992,12.048539870910151,9,3.889459830970087,22.761586755738985,1.8645264499989942
16,33,994,30.463286454042443,9,3.892435314511822,34.856725410218765,1.8072479068273803
16,37,998,19.96759168709628,9,5.035076058913958,26.94180144798139,1.8329430373865865
16,38,999,43.066106363206956,9,3.9826285650590334,29.327283979893345,1.7138085470001463
16,39,1000,25.046644354210958,9,3.9733532458200265,27.165226405305496,1.9088099339956581
16,40,1001,26.082611963921423,9,5.124818286704686,22.83794761999851,1.8712508068145566
16,41,1002,20.30413764890521,9,4.709139907117587,26.80856943482845,2.1986497871024975
16,44,1005,25.27936111446694,9,5.836836584966643,28.187599266885247,2.371261333136135
16,45,1006,8.379244847380598,9,4.994649532480102,22.779443355446112,2.237869763679478
16,47,1008,53.27268145764863,9,4.119326412216484,33.069870634578294,1.842320881205017
16,48,1009,38.94041576882476,9,4.476764921448715,32.42199671975544,2.246372894702117
16,49,1010,15.002839695933696,9,4.675398693297736,25.273532576943833,2.19992950998957
16,52,1013,25.885612817117206,9,5.348680044575362,24.000346433751297,2.3544844346250833
16,53,1014,26.065882647768223,9,4.892578334246166,24.182003607385123,2.145660073057802
16,54,1015,47.21450714728101,9,5.079102796496091,21.09274481935295,2.30048520980588
16,55,1016,26.963567711345124,9,4.648689593806483,22.078255714914395,2.0727845426644937
16,56,1017,37.19000375939752,9,3.800524914604922,32.991484852578864,2.2556717163798226
16,57,1018,15.733475557758052,9,4.172382005699382,37.70599696236736,2.3688419509915732
16,59,1020,32.696640106976226,9,5.649143166878544,17.034005964059197,2.436597375732167
16,62,1023,11.626760952019652,9,3.642762761068912,29.816605473515175,2.029038073060488
16,63,1024,10.414134125886342,9,3.512101600028972,31.61997497187491,2.150831956092014
