monkey,array,day_i,day_j,day_pair,l2,jaccard
L,9,20170725,20170809,1-2,3.1731015898620822,0.5
L,9,20170725,20170810,1-3,2.065334451920611,0.2
L,9,20170809,20170810,2-3,2.203987794483415,0.2
L,10,20170725,20170809,1-2,3.131407621974254,0.0
L,10,20170725,20170810,1-3,3.810311142938956,0.0
L,10,20170809,20170810,2-3,2.213411827653768,0.2
L,11,20170725,20170809,1-2,4.019225563505414,0.0
L,11,20170725,20170810,1-3,2.7375849282047247,0.2
L,11,20170809,20170810,2-3,2.9664009034710874,0.2
L,14,20170725,20170809,1-2,1.997539535567106,0.2
L,14,20170725,20170810,1-3,1.653832411944716,0.2
L,14,20170809,20170810,2-3,1.9805116700127297,0.5
L,16,20170725,20170809,1-2,3.3467599696006127,0.2
L,16,20170725,20170810,1-3,5.071360364813934,0.2
L,16,20170809,20170810,2-3,4.481290419591696,0.2
N,3,20240719_B1,20240719_B2,1-2,4.109524463271471,0.2
N,6,20240719_B1,20240719_B2,1-2,2.6979114164362428,0.5
F,4,20240122_B1,20241216_B1,1-2,2.551592676411873,0.2
