monkey,date,array,pct_EC,pct_EO
L,20170725,9,45.550000000000004,0.65
L,20170725,10,10.9,7.000000000000001
L,20170725,11,17.7,31.55
L,20170725,14,0.8999999999999999,1.4000000000000001
L,20170725,16,0.0,0.15
L,20170809,9,4.25,24.45
L,20170809,10,3.6999999999999997,14.499999999999998
L,20170809,11,2.9499999999999997,58.25
L,20170809,14,0.3,20.9
L,20170809,16,0.05,0.65
L,20170810,9,18.4,30.5
L,20170810,10,8.85,8.4
L,20170810,11,83.2,43.75
L,20170810,14,1.95,0.5
L,20170810,16,0.0,0.6
N,20240719_B1,3,4.6,1.95
N,20240719_B1,6,0.1,0.6
N,20240719_B2,3,11.05,5.65
N,20240719_B2,6,0.75,0.8
F,20240122_B1,4,27.750000000000004,51.55
F,20241216_B1,4,24.7,58.85
