monkey,array,n_oriented,included,n_cells,frac_sig,median_pct,rf_x,rf_y,ecc,rf_size
L,1,25,False,9,0.1111111111111111,40.0,0.243233740959346,-0.12693185205563315,0.29744565091354025,1.346584156316038
L,4,16,False,9,0.0,24.5,0.6982261330787944,-0.0725755400790812,0.6985527238020508,0.8531981648306073
L,5,21,False,9,0.0,38.15,0.1606716458890471,-0.28698747495472143,0.37146805514062403,1.1951696100122726
L,6,24,False,9,0.0,65.9,1.4642371801104248,-0.3808622917220895,1.4975935825219122,1.8551088928454538
L,7,31,False,9,0.1111111111111111,14.05,0.5404782804552573,-0.7321354618856983,0.9277069644948182,2.59034162038125
L,8,13,False,9,0.1111111111111111,18.2,2.3012421296580423,-1.3686609071852411,2.782196196774344,4.990755504976187
L,9,46,True,9,0.2222222222222222,24.45,0.5134680226245053,-3.861968374213622,3.9275569365231524,3.8526531262732204
L,10,37,True,9,0.1111111111111111,8.85,4.749883225269751,-4.0691512067998765,6.252782846970474,6.948462112096754
L,11,36,True,9,0.1111111111111111,43.75,6.090498043603736,-3.6465232531359533,7.129980474959881,1.9310599174540632
L,12,28,False,9,0.0,37.8,1.6112132170908233,-2.9401800900080426,3.352751985613078,6.16675692975159
L,13,26,False,9,1.0,0.95,4.211655712326067,-2.9982907257451172,5.174830528713679,5.581701646338632
L,14,43,True,9,0.8888888888888888,1.7000000000000002,1.5101595342520078,-2.214369884148168,2.6764787728915183,4.962336550480919
L,15,21,False,9,0.0,78.7,4.062565613536998,-1.335663786305133,4.273955388394621,2.959712996044317
L,16,33,True,9,1.0,0.15,1.337839224040951,-1.4516948133270524,2.029038073060488,4.586534980313464
N,1,16,False,6,1.0,0.0,,,,
N,2,14,False,6,0.0,72.075,,,,
N,3,37,True,6,0.5,5.125,,,,
N,4,14,False,6,0.0,53.0,,,,
N,6,39,True,6,1.0,0.44999999999999996,,,,
N,7,23,False,6,0.0,36.3,,,,
N,8,6,False,6,0.3333333333333333,51.025,,,,
F,1,15,False,6,0.3333333333333333,32.625,,,,
F,2,21,False,6,0.16666666666666666,30.475,,,,
F,3,17,False,6,0.0,30.65,,,,
F,4,36,True,6,0.0,43.0,,,,
F,5,16,False,6,0.0,51.225,,,,
F,6,15,False,6,0.0,22.950000000000003,,,,
F,7,5,False,6,0.0,38.64999999999999,,,,
F,8,9,False,6,0.3333333333333333,13.325,,,,
