monkey,array,n_oriented,included,op_concentration,frac_sig_uniform,frac_sig_perm,n_cells
F,1,15,False,0.04001490990172938,0.3333333333333333,0.3333333333333333,6
F,2,21,False,0.20541064609155454,0.16666666666666666,0.16666666666666666,6
F,3,17,False,0.1844634494271668,0.0,0.0,6
F,4,36,True,0.1460475453384589,0.0,0.0,6
F,5,16,False,0.2965448515134504,0.0,0.0,6
F,6,15,False,0.36966080438057436,0.0,0.0,6
F,7,5,False,0.21525346167247975,0.0,0.0,6
F,8,9,False,0.564035855538686,0.3333333333333333,0.5,6
L,1,25,False,0.31453772185851264,0.1111111111111111,0.1111111111111111,9
L,4,16,False,0.114151532506205,0.0,0.0,9
L,5,21,False,0.1931924436720038,0.0,0.0,9
L,6,24,False,0.2548226426631455,0.0,0.0,9
L,7,31,False,0.12619001048073133,0.1111111111111111,0.1111111111111111,9
L,8,13,False,0.03787283728951879,0.1111111111111111,0.2222222222222222,9
L,9,46,True,0.30929120888091016,0.2222222222222222,0.2222222222222222,9
L,10,37,True,0.3500090758967912,0.1111111111111111,0.0,9
L,11,36,True,0.09845867988318271,0.1111111111111111,0.1111111111111111,9
L,12,28,False,0.4729427875443507,0.0,0.1111111111111111,9
L,13,26,False,0.08319993230685266,1.0,1.0,9
L,14,43,True,0.07255467126582724,0.8888888888888888,0.8888888888888888,9
L,15,21,False,0.14149396499810313,0.0,0.0,9
L,16,33,True,0.14887508248676676,1.0,1.0,9
N,1,16,False,0.07584909734897574,1.0,1.0,6
N,2,14,False,0.34589554823991453,0.0,0.0,6
N,3,37,True,0.2604895740189165,0.5,0.5,6
N,4,14,False,0.5136751218787905,0.0,0.0,6
N,6,39,True,0.11830849720305302,1.0,1.0,6
N,7,23,False,0.2497853002807787,0.0,0.16666666666666666,6
N,8,6,False,0.35514467991990145,0.3333333333333333,0.3333333333333333,6
