monkey,array,condition,day_i,day_j,n_oriented,pc1,pc2,pc3_7_single,pc3_7_subspace,rand_single,rand_subspace
L,9,all,20170725,20170809,46,0.6197177654254157,0.6525205329741974,0.2982383011212427,0.37353246812575575,0.024178373827504665,0.10465397348703143
L,9,all,20170725,20170810,46,0.48885389902738763,0.12122621043991778,0.1459210440959544,0.29736497353760427,0.022377837882714715,0.110050739267609
L,9,all,20170809,20170810,46,0.7076469803694451,0.17633092757803356,0.16652510871095144,0.31218757801155317,0.02546912872059999,0.11193032758133277
L,9,EC,20170725,20170809,46,0.6469858261520889,0.5737675812093803,0.15416307908889249,0.3415368430454242,0.021057615809494314,0.10852926464222186
L,9,EC,20170725,20170810,46,0.5047218743247758,0.16489101799617,0.1133881250604003,0.3225072530297447,0.02196208567371329,0.11312025391943578
L,9,EC,20170809,20170810,46,0.6658966195584056,0.046434218386877356,0.08515247330244866,0.20459227272362063,0.01727988665969776,0.10950876069951508
L,9,EO,20170725,20170809,46,0.5715399899048341,0.6350150456410358,0.17003536081149984,0.2871549347738725,0.023453315153989854,0.10965497537154124
L,9,EO,20170725,20170810,46,0.4366815166295091,0.005141738873841012,0.07667207584001157,0.26042985577699335,0.018316924203507987,0.1098026834438354
L,9,EO,20170809,20170810,46,0.7017060572182497,0.02489233972006995,0.08478324154191634,0.3011029738682195,0.0196896015287504,0.10554778783575064
L,10,all,20170725,20170809,37,0.7263957028611597,0.5096778099729047,0.20514219800897146,0.6613595519281582,0.03289698871863806,0.13510025486639643
L,10,all,20170725,20170810,37,0.6910387633624784,0.8950535865683912,0.24358311265572472,0.645242876081933,0.030848454687417152,0.1358592731966481
L,10,all,20170809,20170810,37,0.8228950072482728,0.5950927299932864,0.22574982859879067,0.7097990079965009,0.02800156008755927,0.13771645044964068
L,10,EC,20170725,20170809,37,0.7206415226648694,0.5836118509730439,0.2594025116674289,0.6628399563811429,0.02189076443439354,0.1352198982443299
L,10,EC,20170725,20170810,37,0.6898773790963876,0.8772208062555663,0.17738313329230534,0.5830568792976192,0.025871974736044426,0.136236186843454
L,10,EC,20170809,20170810,37,0.828519756311314,0.7644187344747025,0.14793892195997493,0.729288866602784,0.02829122185491736,0.13688654876909123
L,10,EO,20170725,20170809,37,0.7420156393927659,0.4705346173661162,0.1486708613305578,0.5622381051135312,0.028663827619879036,0.13813311734005818
L,10,EO,20170725,20170810,37,0.6845463769509091,0.885940808969158,0.24558923814200115,0.6011343092048436,0.02976326882735168,0.13591591219908125
L,10,EO,20170809,20170810,37,0.7955499943434767,0.4903147150155054,0.27352236430646,0.557680259291045,0.029381987496695156,0.13608651867396773
L,11,all,20170725,20170809,36,0.29844756829882846,0.658635582980214,0.01612411568088638,0.21349296589457895,0.03171826652470995,0.13794638650622226
L,11,all,20170725,20170810,36,0.2881075083010166,0.7651632210660718,0.060604261553394226,0.3148826382053529,0.02666320895514815,0.13934172787955781
L,11,all,20170809,20170810,36,0.7387104620866173,0.8104885177727715,0.1722261694994685,0.5134523005578753,0.02637665336107772,0.14099426666335282
L,11,EC,20170725,20170809,36,0.4081877029561964,0.580816485492319,0.05777382578143261,0.2915878761619205,0.022035944158475415,0.13818657479653276
L,11,EC,20170725,20170810,36,0.36702832575315153,0.6009731225872751,0.02110778031651634,0.37420326187892233,0.03116329205089139,0.13423690098027471
L,11,EC,20170809,20170810,36,0.7670597008336606,0.7516145111289508,0.2115068180126515,0.5154981480851839,0.026049706842147104,0.13899719732485563
L,11,EO,20170725,20170809,36,0.3474344336320642,0.719460885347251,0.03309708273176403,0.2539503144682082,0.029415135540744215,0.1416478857258339
L,11,EO,20170725,20170810,36,0.3096861727764007,0.8033190758459597,0.1051934818798016,0.2943335535708509,0.029530057488723126,0.1410600329588682
L,11,EO,20170809,20170810,36,0.7194944298954967,0.7656183523244241,0.13507178298399003,0.441771936937963,0.026180361405863627,0.1421477704633369
L,14,all,20170725,20170809,43,0.6940877185488227,0.9107578053349014,0.19981578476739464,0.6003996670766973,0.026584829398939327,0.11689554431619607
L,14,all,20170725,20170810,43,0.5518535555933413,0.7738718434655878,0.16706773204484868,0.4878908588323448,0.022510237208722906,0.11343872588179466
L,14,all,20170809,20170810,43,0.87240763219532,0.7803769461117483,0.22998475114332867,0.6240782646491636,0.028504689115553993,0.11621953985055856
L,14,EC,20170725,20170809,43,0.6844803207406946,0.896604337322855,0.17669933965347717,0.5277759552421682,0.023170025416582137,0.11098812443828891
L,14,EC,20170725,20170810,43,0.5505460414866837,0.6570091637448374,0.20635653016810457,0.4502757288684558,0.027620486406603993,0.11538720935464214
L,14,EC,20170809,20170810,43,0.8725073795215483,0.7538243709306267,0.08753356944894078,0.6172308264548467,0.01995120262544054,0.11541828097410768
L,14,EO,20170725,20170809,43,0.7179687816026784,0.7973559627969569,0.1893260485222487,0.3448726062780402,0.021174064166441874,0.11912768807774624
L,14,EO,20170725,20170810,43,0.5606759285930331,0.7566048608650345,0.13411151919647504,0.3876472632624711,0.022956015229542593,0.1178538478649276
L,14,EO,20170809,20170810,43,0.8736547705975167,0.8322726723366896,0.15346802109080612,0.5041551509957927,0.0249787195540168,0.11509594769273751
L,16,all,20170725,20170809,33,0.6913193066261646,0.716505299349866,0.24506945284342346,0.6882812768012774,0.030703930024955958,0.15491226302849004
L,16,all,20170725,20170810,33,0.7211851300413196,0.9354188232552276,0.3378281437612872,0.7330629066933304,0.03183334610702748,0.15359088488056571
L,16,all,20170809,20170810,33,0.9160626035169855,0.8794218500449359,0.46438348453412004,0.9323978661626038,0.02879528247347128,0.14866066451054746
L,16,EC,20170725,20170809,33,0.6924755272368897,0.8811745941700904,0.2729203879178882,0.7171897768467833,0.02621872685090819,0.15056823468926836
L,16,EC,20170725,20170810,33,0.7196459848548764,0.8978965511379204,0.375734599194696,0.7324414982274846,0.023121010826501528,0.14940893119341847
L,16,EC,20170809,20170810,33,0.9082341314229446,0.9671951529712861,0.515401751852577,0.9155776438358771,0.03099548075573488,0.1535689597904756
L,16,EO,20170725,20170809,33,0.6273815398231555,0.8301398699129839,0.4218693108310112,0.6339456477100665,0.032589546939682315,0.15051530242036396
L,16,EO,20170725,20170810,33,0.7071651166108537,0.7560852063438273,0.29218055349315686,0.6233101935043391,0.029404881448996775,0.15494323867201562
L,16,EO,20170809,20170810,33,0.877827122466141,0.8165665826584841,0.5834036033409097,0.852153915994928,0.03311358330363646,0.15046989152630857
N,3,all,20240719_B1,20240719_B2,37,0.9749642734984386,0.9719736655254123,0.283460374488719,0.900253114105787,0.025407454821611806,0.13780894772266516
N,3,EC,20240719_B1,20240719_B2,37,0.9895106211965674,0.9795188527763896,0.7231161812361464,0.9183114351761485,0.028393701741653118,0.13947602333228193
N,3,EO,20240719_B1,20240719_B2,37,0.8335239273785167,0.14622251579395162,0.3479149960276073,0.44257266918546206,0.02804625965654415,0.13298032444623797
N,6,all,20240719_B1,20240719_B2,39,0.9956135701704705,0.2331720902981358,0.2617477464434983,0.4004155024415206,0.029021909745326778,0.12994044190587034
N,6,EC,20240719_B1,20240719_B2,39,0.993680964783806,0.879842530413509,0.23171277730627096,0.5447291534448636,0.023455689581323505,0.1286771838859681
N,6,EO,20240719_B1,20240719_B2,39,0.9780230268893143,0.22408842616266814,0.22905051878522736,0.3538096466698356,0.03006777573777673,0.1270145670176599
F,4,all,20240122_B1,20241216_B1,36,0.0374994809705853,0.16026735334969242,0.015223341476529071,0.1533366245994729,0.027014824886709744,0.1363451176243382
F,4,EC,20240122_B1,20241216_B1,36,0.010214006258053488,0.10931423726669899,0.011152709666655441,0.19061959429677494,0.02712228967972895,0.13818053287014392
F,4,EO,20240122_B1,20241216_B1,36,0.06591222829031254,0.19065466438183665,0.0398987249001388,0.1772659035504426,0.03344189356554806,0.13587525085135327
