monkey,array,date,condition,pc,evr,r2,pct_perm
L,9,20170725,all,1,0.432974527474981,0.09711856987316236,11.0
L,9,20170725,all,2,0.06724952263265674,0.04138004172682874,45.6
L,9,20170725,all,3,0.03216127470072002,0.08583954196073362,13.4
L,9,20170725,all,4,0.027441539928958703,0.14222342495006823,3.8
L,9,20170725,all,5,0.02031677163011555,0.059078035690571906,27.0
L,9,20170725,all,6,0.018987452627551617,0.012933743444904722,76.0
L,9,20170725,all,7,0.018653824249227655,0.015287173631695072,70.6
L,9,20170725,EC,1,0.488626686325683,0.09956828898527181,10.0
L,9,20170725,EC,2,0.05906857964562143,0.03395108051223272,50.6
L,9,20170725,EC,3,0.030439989617829424,0.08625854210753336,14.399999999999999
L,9,20170725,EC,4,0.019630220992711323,0.049571323421422564,31.8
L,9,20170725,EC,5,0.01847257907177984,0.047401555576909504,32.2
L,9,20170725,EC,6,0.018242286943615335,0.04376314998615227,38.800000000000004
L,9,20170725,EC,7,0.017694468888769715,0.028292456913539432,56.39999999999999
L,9,20170725,EO,1,0.37471664024458823,0.09222821204221776,12.0
L,9,20170725,EO,2,0.0802784560770803,0.06118313969481748,30.0
L,9,20170725,EO,3,0.035933796641368525,0.16135806602073388,1.4000000000000001
L,9,20170725,EO,4,0.026719201891357142,0.06660938887864776,25.0
L,9,20170725,EO,5,0.021330428137354474,0.048021833773262745,36.0
L,9,20170725,EO,6,0.021138968535677764,0.0467293271855429,34.599999999999994
L,9,20170725,EO,7,0.020673141141576562,0.009774146574274667,81.39999999999999
L,9,20170809,all,1,0.4805653126306637,0.1659010728304917,1.6
L,9,20170809,all,2,0.0688373566011327,0.02022738292209325,67.2
L,9,20170809,all,3,0.029544029637241,0.09706340362319699,10.6
L,9,20170809,all,4,0.024442345793603586,0.07212694691972699,19.400000000000002
L,9,20170809,all,5,0.01846327513004668,0.062138865494229645,24.8
L,9,20170809,all,6,0.017972454355168147,0.04181929334866974,42.6
L,9,20170809,all,7,0.01720210122844234,0.08455208506014333,14.2
L,9,20170809,EC,1,0.5404030269743944,0.17892825118096645,1.7999999999999998
L,9,20170809,EC,2,0.04360184554854755,0.030966523456299022,50.4
L,9,20170809,EC,3,0.02889678802282799,0.0852967104978245,14.2
L,9,20170809,EC,4,0.018391930578419684,0.17708981178972993,1.7999999999999998
L,9,20170809,EC,5,0.018136978639543326,0.004172786625173508,90.4
L,9,20170809,EC,6,0.01726516292685583,0.08688671805870374,13.600000000000001
L,9,20170809,EC,7,0.016725766622784927,0.17065237412282486,2.0
L,9,20170809,EO,1,0.40821240879173254,0.1327395208325347,3.4000000000000004
L,9,20170809,EO,2,0.11086276232693049,0.02513505071665778,67.2
L,9,20170809,EO,3,0.030115025198312568,0.14204451863181922,2.8000000000000003
L,9,20170809,EO,4,0.02477019188521199,0.06744369766965763,22.2
L,9,20170809,EO,5,0.02091061409231376,0.004748381254950251,92.2
L,9,20170809,EO,6,0.01995117132418692,0.017398160341750235,69.0
L,9,20170809,EO,7,0.01918407067953555,0.03659530974874525,44.800000000000004
L,9,20170810,all,1,0.43331750329022695,0.10461736901361252,9.2
L,9,20170810,all,2,0.051021180925450806,0.03391515758046837,46.0
L,9,20170810,all,3,0.033539837729650114,0.05946508769160874,28.4
L,9,20170810,all,4,0.027881628941035692,0.0927446085040714,14.399999999999999
L,9,20170810,all,5,0.020577947061774616,0.05049742664742518,31.0
L,9,20170810,all,6,0.019624314635535007,0.007475801612422006,88.2
L,9,20170810,all,7,0.01920090913867201,0.07652877197840113,15.2
L,9,20170810,EC,1,0.46536140224822803,0.12152095819212816,6.4
L,9,20170810,EC,2,0.05051290706550578,0.033623075381641776,50.2
L,9,20170810,EC,3,0.03315516426693471,0.12336370936216035,9.2
L,9,20170810,EC,4,0.022798391661081666,0.03261299729211731,46.400000000000006
L,9,20170810,EC,5,0.020173753106963895,0.00446028733399817,90.4
L,9,20170810,EC,6,0.01971810468272297,0.024180587580304502,60.4
L,9,20170810,EC,7,0.01876046212333526,0.0035286753446267527,94.19999999999999
L,9,20170810,EO,1,0.39612265523010737,0.07801111469520505,18.8
L,9,20170810,EO,2,0.056218663685001356,0.05452730093108127,26.0
L,9,20170810,EO,3,0.029421099818357232,0.022954500384413934,61.4
L,9,20170810,EO,4,0.02613195948570699,0.11234614471442717,8.200000000000001
L,9,20170810,EO,5,0.023343781842637468,0.07523214364631592,18.4
L,9,20170810,EO,6,0.021833136373785568,0.08435267207941444,13.8
L,9,20170810,EO,7,0.02083419863774016,0.02315243367218789,61.0
L,10,20170725,all,1,0.7132635728534013,0.024405272008597767,64.60000000000001
L,10,20170725,all,2,0.041087465443916234,0.17377097197828284,5.0
L,10,20170725,all,3,0.02785470751808679,0.02748237254396446,65.4
L,10,20170725,all,4,0.0197824937171466,0.030593567566436164,59.199999999999996
L,10,20170725,all,5,0.018809268264025927,0.04720330782416049,49.0
L,10,20170725,all,6,0.01856530662291858,0.17454972952577708,2.0
L,10,20170725,all,7,0.01814210554607471,0.08706286835972721,24.8
L,10,20170725,EC,1,0.767482296501667,0.02670393059144871,63.800000000000004
L,10,20170725,EC,2,0.03215684505732045,0.14303759310433894,9.2
L,10,20170725,EC,3,0.022539078047921653,0.03904749479765024,51.4
L,10,20170725,EC,4,0.017894499055021457,0.005871304915878173,89.0
L,10,20170725,EC,5,0.017679960548584703,0.05960262554474638,38.6
L,10,20170725,EC,6,0.016784046632944617,0.1516690059335426,2.0
L,10,20170725,EC,7,0.01590117927442243,0.1365924554032859,9.0
L,10,20170725,EO,1,0.6084067137435557,0.023847633948444358,65.0
L,10,20170725,EO,2,0.060033001034570405,0.13692067815736642,10.6
L,10,20170725,EO,3,0.03557172491632838,0.001760850951724957,98.0
L,10,20170725,EO,4,0.025057686401815757,0.1133119052397692,13.8
L,10,20170725,EO,5,0.022982613569596234,0.014663456064452074,78.8
L,10,20170725,EO,6,0.021706392757063455,0.2836601912387735,0.2
L,10,20170725,EO,7,0.0211606159648473,0.008436578490886193,87.2
L,10,20170809,all,1,0.7668788763687695,0.009049111400803556,85.6
L,10,20170809,all,2,0.029673306396351438,0.14544015505386543,8.6
L,10,20170809,all,3,0.02409420930651401,0.02688330646518633,63.2
L,10,20170809,all,4,0.020285680241980644,0.22605214202783985,1.2
L,10,20170809,all,5,0.01897568744245808,0.017286176521144614,72.8
L,10,20170809,all,6,0.018289443451104087,0.018764722419616908,75.2
L,10,20170809,all,7,0.017694987157845135,0.057110468091435274,39.0
L,10,20170809,EC,1,0.791253126705473,0.010988678174800315,81.8
L,10,20170809,EC,2,0.02693051949984407,0.21495562148356873,3.0
L,10,20170809,EC,3,0.023627863973246607,0.05549817323498163,37.2
L,10,20170809,EC,4,0.019258351681431543,0.10386550858351107,12.2
L,10,20170809,EC,5,0.018386788400594156,0.05396776321471641,48.199999999999996
L,10,20170809,EC,6,0.017992822037718705,0.03591903170194288,54.400000000000006
L,10,20170809,EC,7,0.015798891583701652,0.04760566442207892,44.6
L,10,20170809,EO,1,0.6942449466530313,0.008935758954869755,85.39999999999999
L,10,20170809,EO,2,0.0389175369206604,0.03436736525982964,56.2
L,10,20170809,EO,3,0.02852369089740916,0.08339435923603733,23.200000000000003
L,10,20170809,EO,4,0.02285270909281487,0.03643694125493968,56.2
L,10,20170809,EO,5,0.02224896826413776,0.18864037511085563,2.0
L,10,20170809,EO,6,0.0211286693480107,0.057393334495213444,38.2
L,10,20170809,EO,7,0.020851961355336443,0.04650849474100516,47.599999999999994
L,10,20170810,all,1,0.7049527647792879,0.0008355699233483227,97.6
L,10,20170810,all,2,0.051098387077507225,0.1534407820181546,7.199999999999999
L,10,20170810,all,3,0.03315888948197989,0.009090091307497494,85.39999999999999
L,10,20170810,all,4,0.02503453514188114,0.09456505141739313,20.4
L,10,20170810,all,5,0.022905167893522423,0.06576703145544494,33.800000000000004
L,10,20170810,all,6,0.020543646591671627,0.037447734498345375,53.0
L,10,20170810,all,7,0.018344998165966433,0.27369211999507237,0.8
L,10,20170810,EC,1,0.7383227915805002,0.0007870562864483732,97.6
L,10,20170810,EC,2,0.04765575098694204,0.15183594116351584,6.800000000000001
L,10,20170810,EC,3,0.026026880710571708,0.004778892805351376,92.0
L,10,20170810,EC,4,0.025198136275899435,0.12047534667517967,9.6
L,10,20170810,EC,5,0.023986861661753577,0.06536577383258368,33.2
L,10,20170810,EC,6,0.01970729095164296,0.0681908985457843,29.599999999999998
L,10,20170810,EC,7,0.01648759913600343,0.185717702321062,2.8000000000000003
L,10,20170810,EO,1,0.6342181074497574,0.0018695664134436019,95.8
L,10,20170810,EO,2,0.06062169479056626,0.11995996445287505,14.000000000000002
L,10,20170810,EO,3,0.0428956533883079,0.03479284500885227,56.599999999999994
L,10,20170810,EO,4,0.026669873307891192,0.05261626050846013,39.800000000000004
L,10,20170810,EO,5,0.025535855094459256,0.02815360957673907,60.4
L,10,20170810,EO,6,0.024421861475009948,0.04141148070333722,53.400000000000006
L,10,20170810,EO,7,0.02178840606248905,0.2875843275696167,1.0
L,11,20170725,all,1,0.4416055602516563,0.008511446666056965,86.2
L,11,20170725,all,2,0.12154769802976753,0.18857357328112012,2.8000000000000003
L,11,20170725,all,3,0.030053931551967304,0.039632099714339564,52.800000000000004
L,11,20170725,all,4,0.028673068089987902,0.0837445775496245,23.799999999999997
L,11,20170725,all,5,0.026980495427219645,0.02332396051576824,72.0
L,11,20170725,all,6,0.02539755804138829,0.006852738306315498,92.80000000000001
L,11,20170725,all,7,0.024913593278351676,0.02839875334994557,65.0
L,11,20170725,EC,1,0.3475213154767966,0.07089177476469988,29.4
L,11,20170725,EC,2,0.10940142734491232,0.1766341946342027,3.8
L,11,20170725,EC,3,0.03509186389823483,0.21907696104468055,1.0
L,11,20170725,EC,4,0.031286187187888496,0.008648034195228527,89.4
L,11,20170725,EC,5,0.0306438575220745,0.10287789559062754,15.4
L,11,20170725,EC,6,0.028259116209226044,0.034187770303011344,51.0
L,11,20170725,EC,7,0.027951462883538662,0.040200835950224056,53.2
L,11,20170725,EO,1,0.3902479013623426,0.007264674819169481,86.8
L,11,20170725,EO,2,0.09642361983420489,0.1939073397560146,2.4
L,11,20170725,EO,3,0.0364068708514416,0.046644305667341124,47.199999999999996
L,11,20170725,EO,4,0.03105357622954566,0.12355187865727246,12.0
L,11,20170725,EO,5,0.029609790312009714,0.01107431239370893,84.6
L,11,20170725,EO,6,0.028628309476628505,0.006084575385581714,90.60000000000001
L,11,20170725,EO,7,0.026690529182867878,0.019433662970021914,75.8
L,11,20170809,all,1,0.49445810664594275,0.050393173184791196,40.0
L,11,20170809,all,2,0.16480600365155812,0.04828955292048287,43.6
L,11,20170809,all,3,0.03239157188016248,0.060657538135922784,34.599999999999994
L,11,20170809,all,4,0.025247875575698166,0.03573190963080408,59.0
L,11,20170809,all,5,0.023011576165635306,0.08500679080308693,22.400000000000002
L,11,20170809,all,6,0.022143203549841974,0.07022980430051529,32.0
L,11,20170809,all,7,0.02109359055128488,0.0352171649436398,58.599999999999994
L,11,20170809,EC,1,0.418231081309644,0.004908981322022554,90.2
L,11,20170809,EC,2,0.13452539911118497,0.09150887293563814,17.599999999999998
L,11,20170809,EC,3,0.04569632784064653,0.05232290753932001,40.2
L,11,20170809,EC,4,0.03144239727174112,0.14881909852301034,10.4
L,11,20170809,EC,5,0.029213871224729907,0.006049795148575954,87.6
L,11,20170809,EC,6,0.027821503803254603,0.0772831770066088,25.0
L,11,20170809,EC,7,0.02496563494280401,0.10166917774370787,18.2
L,11,20170809,EO,1,0.48156857075049003,0.04187165782570568,45.6
L,11,20170809,EO,2,0.11559635922229318,0.06682968080983198,32.4
L,11,20170809,EO,3,0.03335157526850001,0.06666587134863777,32.800000000000004
L,11,20170809,EO,4,0.03008716851121236,0.008806469098878056,89.2
L,11,20170809,EO,5,0.025475178257409,0.09959009700211441,18.6
L,11,20170809,EO,6,0.02465217408819375,0.05011922184296047,43.6
L,11,20170809,EO,7,0.02349337226316498,0.06143149677557802,39.6
L,11,20170810,all,1,0.5655249531359817,0.027854637989792375,57.599999999999994
L,11,20170810,all,2,0.1539105482519023,0.09778272748932937,19.0
L,11,20170810,all,3,0.022415982455189054,0.030309572555412,65.8
L,11,20170810,all,4,0.020274018950329632,0.0053828852193122945,93.4
L,11,20170810,all,5,0.01949189518270476,0.006694111920326429,92.4
L,11,20170810,all,6,0.01817341065590486,0.10274825559850698,15.0
L,11,20170810,all,7,0.01748987422780429,0.1133662605961675,15.8
L,11,20170810,EC,1,0.49686917085991367,0.022800021291612516,67.0
L,11,20170810,EC,2,0.10739810460275796,0.09973715667347582,16.8
L,11,20170810,EC,3,0.027368804219846037,0.020286765894617198,72.2
L,11,20170810,EC,4,0.025207211030132137,0.0548390432154342,35.8
L,11,20170810,EC,5,0.02398477114453376,0.012817479314018665,84.0
L,11,20170810,EC,6,0.022939484546625023,0.05277669960703513,43.6
L,11,20170810,EC,7,0.022739394384009414,0.08636365512522148,26.200000000000003
L,11,20170810,EO,1,0.5753415965195635,0.025201774625125628,60.8
L,11,20170810,EO,2,0.11446906641201038,0.11292794725855193,12.8
L,11,20170810,EO,3,0.024157674445124382,0.016893579562270666,80.60000000000001
L,11,20170810,EO,4,0.022528418654095626,0.008547193698373423,89.60000000000001
L,11,20170810,EO,5,0.0206346198771904,0.003946984267269471,94.19999999999999
L,11,20170810,EO,6,0.020322986065216063,0.008859230143416608,87.0
L,11,20170810,EO,7,0.0189480618649334,0.19507999964290723,2.6
L,14,20170725,all,1,0.7165382851141785,0.08054779861709671,20.8
L,14,20170725,all,2,0.030258572916881082,0.05188290288645647,38.4
L,14,20170725,all,3,0.02426271166819665,0.024720093267282306,62.6
L,14,20170725,all,4,0.017036202302138603,0.1722049729742462,2.4
L,14,20170725,all,5,0.01572009354687562,0.07338014059853382,22.8
L,14,20170725,all,6,0.014742480346610255,0.017144508431377048,74.4
L,14,20170725,all,7,0.013761125835294461,0.011221305236326584,83.2
L,14,20170725,EC,1,0.7168344169098705,0.0760788599948814,22.2
L,14,20170725,EC,2,0.029542867534787957,0.050266905280595964,39.800000000000004
L,14,20170725,EC,3,0.024654435431814108,0.024027640876343792,61.4
L,14,20170725,EC,4,0.01842700228896631,0.18260659059266038,1.4000000000000001
L,14,20170725,EC,5,0.016076688619921033,0.04479151115108859,45.0
L,14,20170725,EC,6,0.015325772488942463,0.04914873590227331,40.400000000000006
L,14,20170725,EC,7,0.014271591262635266,0.013222329925579368,75.2
L,14,20170725,EO,1,0.6989850653724692,0.08197124716067838,20.4
L,14,20170725,EO,2,0.03818710829457841,0.0492321261458335,35.4
L,14,20170725,EO,3,0.026020360438083832,0.031142888947543468,55.60000000000001
L,14,20170725,EO,4,0.016996679174251475,0.11935160245483689,5.800000000000001
L,14,20170725,EO,5,0.015658864333178275,0.04670408742729826,40.0
L,14,20170725,EO,6,0.014903759323446716,0.015065638965904737,79.60000000000001
L,14,20170725,EO,7,0.013988053327197568,0.00464039852080067,93.2
L,14,20170809,all,1,0.7225874069663235,0.09456308996410756,14.6
L,14,20170809,all,2,0.032437255112079504,0.0648419640767619,29.799999999999997
L,14,20170809,all,3,0.02030002246599596,0.03648109756083895,48.4
L,14,20170809,all,4,0.01673615582586947,0.1707817466383017,0.8
L,14,20170809,all,5,0.015420487535501482,0.021449574961107665,65.0
L,14,20170809,all,6,0.014884353577196642,0.031077294999045324,57.599999999999994
L,14,20170809,all,7,0.014535509984428726,0.007857738749194487,84.2
L,14,20170809,EC,1,0.7218811360236697,0.09847892008172765,13.8
L,14,20170809,EC,2,0.03230117377780651,0.05711588655636035,35.6
L,14,20170809,EC,3,0.021397961200126107,0.04917208661139161,35.4
L,14,20170809,EC,4,0.01755582989935966,0.23997385736479826,0.0
L,14,20170809,EC,5,0.01576241390059569,0.015008924894405862,73.0
L,14,20170809,EC,6,0.01502711336357339,0.022410408521256198,62.6
L,14,20170809,EC,7,0.014630281394771403,0.002245965008392359,94.19999999999999
L,14,20170809,EO,1,0.6880277996207204,0.08747913945913721,16.0
L,14,20170809,EO,2,0.04246655685911206,0.055618848176917424,32.800000000000004
L,14,20170809,EO,3,0.022073697355867408,0.07365721000908265,23.200000000000003
L,14,20170809,EO,4,0.018452382975590653,0.007477243662062816,85.2
L,14,20170809,EO,5,0.016416035835301178,0.01960658452697195,64.8
L,14,20170809,EO,6,0.015898171289932626,0.08181729296344298,16.8
L,14,20170809,EO,7,0.015085397075379611,0.02383369159783766,62.6
L,14,20170810,all,1,0.7023949512093357,0.13439931002943128,5.4
L,14,20170810,all,2,0.03801877777590538,0.006850979643137967,87.8
L,14,20170810,all,3,0.026036975380979172,0.0983174575318504,13.600000000000001
L,14,20170810,all,4,0.018304224783333392,0.13525494071231836,6.2
L,14,20170810,all,5,0.01662230524435172,0.02771547504810301,57.599999999999994
L,14,20170810,all,6,0.016139163271019375,0.08064454013634104,19.400000000000002
L,14,20170810,all,7,0.015661230755584444,0.0695940184121796,22.6
L,14,20170810,EC,1,0.695945145221996,0.13562217703435908,5.0
L,14,20170810,EC,2,0.041636432480221086,0.0012155691540710611,96.6
L,14,20170810,EC,3,0.0270666300599094,0.11849319858544594,7.199999999999999
L,14,20170810,EC,4,0.019886179502274167,0.13013415047950383,7.000000000000001
L,14,20170810,EC,5,0.017584863755306657,0.04086236139900279,47.8
L,14,20170810,EC,6,0.01655804187192228,0.08711629774632668,15.4
L,14,20170810,EC,7,0.015760133893100818,0.006260944358073339,88.0
L,14,20170810,EO,1,0.6879440608129683,0.1353321137031981,5.0
L,14,20170810,EO,2,0.038613406075308006,0.03855091498597807,45.2
L,14,20170810,EO,3,0.026498061579298706,0.04291532249471097,46.2
L,14,20170810,EO,4,0.018556222510491435,0.07646024346170477,21.4
L,14,20170810,EO,5,0.017146480776240397,0.10015541495847091,12.6
L,14,20170810,EO,6,0.016406141656003608,0.17601265568625657,1.4000000000000001
L,14,20170810,EO,7,0.01580529326464081,0.1067447029693308,8.4
L,16,20170725,all,1,0.4694658342570369,0.18085318330148026,3.8
L,16,20170725,all,2,0.1270903893607559,0.020664690882164605,70.19999999999999
L,16,20170725,all,3,0.09586317203459607,0.08654558808142776,28.4
L,16,20170725,all,4,0.0690211435646692,0.05667350804976634,41.6
L,16,20170725,all,5,0.042286708186589646,0.32130376924582404,0.6
L,16,20170725,all,6,0.029799029237877184,0.4799882276773576,0.0
L,16,20170725,all,7,0.0234432871750409,0.11799861364289044,13.8
L,16,20170725,EC,1,0.4976842046678718,0.15162220857434905,9.4
L,16,20170725,EC,2,0.12866607129998908,0.07488928474779655,32.0
L,16,20170725,EC,3,0.07860969567605275,0.10113368018572033,21.6
L,16,20170725,EC,4,0.05901341708734085,0.030161109967236754,63.800000000000004
L,16,20170725,EC,5,0.04736106266628142,0.3583610572874193,0.2
L,16,20170725,EC,6,0.031309023583013094,0.47389625967715887,0.0
L,16,20170725,EC,7,0.02313145647186677,0.06743815732050829,34.0
L,16,20170725,EO,1,0.3998874605902868,0.20414373540731334,1.7999999999999998
L,16,20170725,EO,2,0.15984050899536914,0.014977071644647122,78.4
L,16,20170725,EO,3,0.12152579380177542,0.01019088232934151,85.6
L,16,20170725,EO,4,0.07502215314802231,0.10305792684249093,19.6
L,16,20170725,EO,5,0.0346871500866366,0.18008268512988979,6.0
L,16,20170725,EO,6,0.025684006454155587,0.4942262235011252,0.0
L,16,20170725,EO,7,0.022427943319890727,0.12517936077725733,13.0
L,16,20170809,all,1,0.4659749940566061,0.12968687354331654,12.4
L,16,20170809,all,2,0.12598252236475385,0.0079595908430653,88.8
L,16,20170809,all,3,0.10486122943258212,0.24559728414758797,1.7999999999999998
L,16,20170809,all,4,0.05416261541805711,0.20888284365608267,3.0
L,16,20170809,all,5,0.03856911279663055,0.3299776571785398,0.0
L,16,20170809,all,6,0.032055419837856244,0.184250945641372,3.0
L,16,20170809,all,7,0.029186223685017654,0.04188836274062657,53.6
L,16,20170809,EC,1,0.4834859407857306,0.10572286085020155,19.2
L,16,20170809,EC,2,0.12213705793336403,0.02656243470830799,67.80000000000001
L,16,20170809,EC,3,0.09986786615360173,0.35735497406971983,0.0
L,16,20170809,EC,4,0.05259103867855433,0.12873576796839759,13.0
L,16,20170809,EC,5,0.03889793600615722,0.3911700337232613,0.0
L,16,20170809,EC,6,0.03189522638159572,0.1421581000147235,9.0
L,16,20170809,EC,7,0.029204542324297474,0.03630559631995156,58.8
L,16,20170809,EO,1,0.3829805014201551,0.1494428937125789,8.6
L,16,20170809,EO,2,0.18453998052546988,0.020412847584789895,73.8
L,16,20170809,EO,3,0.09873061436047119,0.061736835961159975,38.4
L,16,20170809,EO,4,0.058583990115576,0.23084631496952068,2.4
L,16,20170809,EO,5,0.03650423715668147,0.1936063224779434,4.6
L,16,20170809,EO,6,0.03355596089262945,0.21407510036462885,2.4
L,16,20170809,EO,7,0.029766326523394143,0.1957701006743242,4.0
L,16,20170810,all,1,0.4912325092475136,0.12838780914531578,13.600000000000001
L,16,20170810,all,2,0.11138109900143667,0.002399466703583264,96.39999999999999
L,16,20170810,all,3,0.0988743613840163,0.16142252315259176,7.3999999999999995
L,16,20170810,all,4,0.050076194980730744,0.18904736201632244,3.8
L,16,20170810,all,5,0.040838842838926165,0.4306575695556869,0.0
L,16,20170810,all,6,0.03054936801236729,0.049366657014224824,46.400000000000006
L,16,20170810,all,7,0.027823989233812112,0.09586085659987864,24.4
L,16,20170810,EC,1,0.5145583029490856,0.1018544996286328,21.4
L,16,20170810,EC,2,0.11158532550997745,0.013344225817260802,81.6
L,16,20170810,EC,3,0.08329472525614509,0.2640200614502235,0.8
L,16,20170810,EC,4,0.0482590462718383,0.06137566586189924,40.2
L,16,20170810,EC,5,0.03978130166694917,0.48610992943999876,0.0
L,16,20170810,EC,6,0.030441426826923225,0.09897659187481456,20.8
L,16,20170810,EC,7,0.028544462212490494,0.026261333725764557,70.19999999999999
L,16,20170810,EO,1,0.4441007701864146,0.17263534882844433,5.6000000000000005
L,16,20170810,EO,2,0.13580582333247934,0.02543511585114311,71.39999999999999
L,16,20170810,EO,3,0.10670331140541776,0.05253244594751849,45.6
L,16,20170810,EO,4,0.057481987700205316,0.29540416046953255,0.4
L,16,20170810,EO,5,0.039061363482865444,0.36931734811829164,0.4
L,16,20170810,EO,6,0.03140995587946462,0.040949962020082276,58.599999999999994
L,16,20170810,EO,7,0.02646690568285231,0.13786433580733726,11.200000000000001
N,3,20240719_B1,all,1,0.37319695381516804,0.07704948670374778,26.200000000000003
N,3,20240719_B1,all,2,0.14438932020539255,0.11522549358065926,13.600000000000001
N,3,20240719_B1,all,3,0.09214344531489234,0.04798460468799848,47.0
N,3,20240719_B1,all,4,0.044617246812656386,0.2276358756707303,2.1999999999999997
N,3,20240719_B1,all,5,0.041558461393559724,0.03351238505708676,56.39999999999999
N,3,20240719_B1,all,6,0.027664491464214937,0.17632942110789007,3.2
N,3,20240719_B1,all,7,0.026147819466998904,0.27611500654666987,0.2
N,3,20240719_B1,EC,1,0.45212662596548137,0.09167964919004523,20.4
N,3,20240719_B1,EC,2,0.1280026645735295,0.07693911947190046,23.200000000000003
N,3,20240719_B1,EC,3,0.09480896384965481,0.05830670841483243,36.6
N,3,20240719_B1,EC,4,0.03696116517267236,0.20194339108998316,2.1999999999999997
N,3,20240719_B1,EC,5,0.029378772179847072,0.009154952214592726,86.8
N,3,20240719_B1,EC,6,0.026443198492677705,0.32443457654802677,0.0
N,3,20240719_B1,EC,7,0.024983920405420648,0.18228829035513183,1.4000000000000001
N,3,20240719_B1,EO,1,0.29466185353117863,0.11109948659861069,16.0
N,3,20240719_B1,EO,2,0.12490299086183472,0.11272221371397906,13.8
N,3,20240719_B1,EO,3,0.09461039010778707,0.12231554037580161,10.2
N,3,20240719_B1,EO,4,0.058744413480424924,0.1603339607781773,6.0
N,3,20240719_B1,EO,5,0.04312516738769819,0.001356018535273451,97.2
N,3,20240719_B1,EO,6,0.02961837860303178,0.4305772456850103,0.0
N,3,20240719_B1,EO,7,0.027753595446124477,0.014646223042618312,80.2
N,3,20240719_B2,all,1,0.3052276554828749,0.05859800846615193,35.6
N,3,20240719_B2,all,2,0.1617753607812616,0.13776074394806503,8.799999999999999
N,3,20240719_B2,all,3,0.08614785796234979,0.06480515831907663,34.599999999999994
N,3,20240719_B2,all,4,0.0495578136317406,0.02923313309974851,62.0
N,3,20240719_B2,all,5,0.048743150183198226,0.2330656861735162,1.4000000000000001
N,3,20240719_B2,all,6,0.02797150785135806,0.09918862103369774,16.8
N,3,20240719_B2,all,7,0.02796153708376741,0.40533477435867915,0.0
N,3,20240719_B2,EC,1,0.40265645883449225,0.0991015267863874,17.599999999999998
N,3,20240719_B2,EC,2,0.15995461600531266,0.08743596482793803,20.4
N,3,20240719_B2,EC,3,0.08506997163135196,0.062148148530532854,34.2
N,3,20240719_B2,EC,4,0.04548791416171698,0.25973022116229216,0.6
N,3,20240719_B2,EC,5,0.033012159434242065,0.0648589061878333,32.0
N,3,20240719_B2,EC,6,0.026686405686896408,0.45186699988128354,0.0
N,3,20240719_B2,EC,7,0.02530362291457434,0.0007170271838112807,99.6
N,3,20240719_B2,EO,1,0.20736786318856595,0.15450858170102344,6.0
N,3,20240719_B2,EO,2,0.11222687257069908,0.10701966260230078,14.2
N,3,20240719_B2,EO,3,0.08630736358899008,0.09152310813431008,21.8
N,3,20240719_B2,EO,4,0.05547831472035459,0.12605018730969986,11.200000000000001
N,3,20240719_B2,EO,5,0.04508767637481997,0.0017801447182166363,97.8
N,3,20240719_B2,EO,6,0.03392251972123506,0.1360156854142226,7.3999999999999995
N,3,20240719_B2,EO,7,0.03062830348748263,0.22462545674695145,2.4
N,6,20240719_B1,all,1,0.5119684425497635,0.10941580175698506,12.6
N,6,20240719_B1,all,2,0.044208322599112296,0.00013031905952576306,99.8
N,6,20240719_B1,all,3,0.040165325178388056,0.025639534983006196,64.60000000000001
N,6,20240719_B1,all,4,0.026254409307378726,0.494288314832648,0.0
N,6,20240719_B1,all,5,0.02206242490086551,0.06393662740164519,28.999999999999996
N,6,20240719_B1,all,6,0.02194445090383012,0.07182589858094945,28.000000000000004
N,6,20240719_B1,all,7,0.02109932715368311,0.003267115803308185,93.2
N,6,20240719_B1,EC,1,0.5600692392944542,0.11346356864471363,11.600000000000001
N,6,20240719_B1,EC,2,0.04321583720106839,0.016148009577539812,75.6
N,6,20240719_B1,EC,3,0.03107649125688378,0.026923986848021775,61.4
N,6,20240719_B1,EC,4,0.025502038680218508,0.5343951847388795,0.0
N,6,20240719_B1,EC,5,0.022902643748428514,0.025835428191070653,66.2
N,6,20240719_B1,EC,6,0.022254039827719174,0.01311800749945291,83.39999999999999
N,6,20240719_B1,EC,7,0.020949556864787267,0.018994131469124098,70.8
N,6,20240719_B1,EO,1,0.39201548142392695,0.11003658466701394,12.4
N,6,20240719_B1,EO,2,0.057613779315873144,0.024720119237884086,63.800000000000004
N,6,20240719_B1,EO,3,0.05082458456740583,0.10060109252324545,13.600000000000001
N,6,20240719_B1,EO,4,0.03058179390323662,0.33010819593230545,0.0
N,6,20240719_B1,EO,5,0.025833508137668593,0.15378121450285798,4.8
N,6,20240719_B1,EO,6,0.025331691660243693,0.014893737119003436,77.0
N,6,20240719_B1,EO,7,0.02389033278867889,0.13640673259649716,5.6000000000000005
N,6,20240719_B2,all,1,0.4857499917511021,0.104589562265469,13.0
N,6,20240719_B2,all,2,0.043247847609077295,0.005582676964214106,90.4
N,6,20240719_B2,all,3,0.03998050147984151,0.04265464754714199,44.800000000000004
N,6,20240719_B2,all,4,0.025749556247769288,0.4975447268997123,0.0
N,6,20240719_B2,all,5,0.023687249107429906,0.05981153932364425,35.8
N,6,20240719_B2,all,6,0.022058347059288098,0.005772910347889515,90.8
N,6,20240719_B2,all,7,0.021862292282764397,0.10311823366356154,11.799999999999999
N,6,20240719_B2,EC,1,0.5664110047183394,0.10762652384143512,12.6
N,6,20240719_B2,EC,2,0.03801695185164478,0.009753475413513457,84.8
N,6,20240719_B2,EC,3,0.03174211759638768,0.04510837605382645,47.4
N,6,20240719_B2,EC,4,0.024316897426510845,0.18044750538733245,3.5999999999999996
N,6,20240719_B2,EC,5,0.02224636034425451,0.07707240244083369,29.2
N,6,20240719_B2,EC,6,0.021989481065945577,0.203155534608231,1.6
N,6,20240719_B2,EC,7,0.02123574052460996,0.026662257554969204,62.2
N,6,20240719_B2,EO,1,0.33668705879224836,0.10747489866583593,11.799999999999999
N,6,20240719_B2,EO,2,0.05448092487505763,0.07732942665828424,21.2
N,6,20240719_B2,EO,3,0.051341388294038066,0.09741067719303331,16.8
N,6,20240719_B2,EO,4,0.03830586246625252,0.3830375395053587,0.0
N,6,20240719_B2,EO,5,0.028407748642221977,0.31251764424581785,0.0
N,6,20240719_B2,EO,6,0.0263695155580582,0.004795710095929828,91.60000000000001
N,6,20240719_B2,EO,7,0.025483996586138404,0.031436533480541984,56.39999999999999
F,4,20240122_B1,all,1,0.19644229092150195,0.00014258470889749741,99.8
F,4,20240122_B1,all,2,0.09689638636547782,0.07346659056843241,28.199999999999996
F,4,20240122_B1,all,3,0.04348042644965622,0.08892325295605663,21.8
F,4,20240122_B1,all,4,0.03670037830116976,0.14742245284260969,7.3999999999999995
F,4,20240122_B1,all,5,0.032394418731707536,0.0916436232035619,20.0
F,4,20240122_B1,all,6,0.031064034413854948,0.05298638192938809,46.400000000000006
F,4,20240122_B1,all,7,0.030643540619631045,0.09945261901691349,15.0
F,4,20240122_B1,EC,1,0.22997646216977258,0.009451437129714635,85.39999999999999
F,4,20240122_B1,EC,2,0.1288142092933333,0.08633175148727612,22.2
F,4,20240122_B1,EC,3,0.04528741281649627,0.040427445154877284,49.8
F,4,20240122_B1,EC,4,0.03791696551841312,0.05066916774275254,43.8
F,4,20240122_B1,EC,5,0.036080026960980255,0.14151798624964507,9.0
F,4,20240122_B1,EC,6,0.03227048008638586,0.057187696447910774,34.2
F,4,20240122_B1,EC,7,0.031073245097899674,0.02125145764677261,70.8
F,4,20240122_B1,EO,1,0.18463012679683768,0.001099953820549615,98.2
F,4,20240122_B1,EO,2,0.07704446695295655,0.05684854358214286,36.6
F,4,20240122_B1,EO,3,0.04339885932997918,0.23834563067096548,1.6
F,4,20240122_B1,EO,4,0.036220475942914165,0.0786732244261451,24.0
F,4,20240122_B1,EO,5,0.03430187640451054,0.008477371266167766,85.39999999999999
F,4,20240122_B1,EO,6,0.032643123578532884,0.10250787767063552,20.0
F,4,20240122_B1,EO,7,0.0316548863005945,0.04431341292328039,44.4
F,4,20241216_B1,all,1,0.11503424149957796,0.04099997592324156,47.4
F,4,20241216_B1,all,2,0.08512734966202337,0.13518653239178158,7.8
F,4,20241216_B1,all,3,0.050450668070366154,0.12960149407991084,8.6
F,4,20241216_B1,all,4,0.03702342184374978,0.019621613480379607,73.8
F,4,20241216_B1,all,5,0.03446137400027857,0.01870804155860506,74.4
F,4,20241216_B1,all,6,0.03276905368803193,0.07697995616027542,29.2
F,4,20241216_B1,all,7,0.031639774195574455,0.015889448749012325,75.4
F,4,20241216_B1,EC,1,0.12366219312969275,0.03129982579282686,56.8
F,4,20241216_B1,EC,2,0.09517718623497803,0.1355635067670543,9.4
F,4,20241216_B1,EC,3,0.050044040101230564,0.09689428518880283,19.0
F,4,20241216_B1,EC,4,0.04003628977854839,0.05686342242886877,37.0
F,4,20241216_B1,EC,5,0.036924923672550077,0.017243733845698328,74.6
F,4,20241216_B1,EC,6,0.03417342460363222,0.0015848474287328829,96.39999999999999
F,4,20241216_B1,EC,7,0.032677189416719,0.04704800888874583,48.0
F,4,20241216_B1,EO,1,0.11143078233686007,0.052939540878591096,40.8
F,4,20241216_B1,EO,2,0.07209467963865995,0.16162955720527705,5.0
F,4,20241216_B1,EO,3,0.05088343498037317,0.11082658069536588,14.6
F,4,20241216_B1,EO,4,0.03832198850743705,0.0015718413383148944,96.6
F,4,20241216_B1,EO,5,0.03699719181275127,0.002404056718696146,95.8
F,4,20241216_B1,EO,6,0.035627385222682474,0.03911079562139774,52.800000000000004
F,4,20241216_B1,EO,7,0.033952736246243065,0.04521200248377555,44.800000000000004
