monkey,date,array,condition,bin_ms,norm,real_error,percentile,best_pair,n_oriented
F,20240122_B1,4,EC,100,L1,33.37911397974082,50.14999999999999,PC2 vs PC5,36
F,20240122_B1,4,EC,100,L2,39.723569197972274,27.750000000000004,PC2 vs PC5,36
F,20240122_B1,4,EO,100,L1,33.53036619121202,50.4,PC3 vs PC6,36
F,20240122_B1,4,EO,100,L2,41.30060691931825,51.55,PC3 vs PC6,36
F,20240122_B1,4,all,100,L1,33.191418422566386,45.75,PC2 vs PC5,36
F,20240122_B1,4,all,100,L2,40.26179703581465,34.449999999999996,PC2 vs PC5,36
F,20241216_B1,4,EC,100,L1,31.624936357028485,22.400000000000002,PC2 vs PC4,36
F,20241216_B1,4,EC,100,L2,39.43607748822353,24.7,PC2 vs PC4,36
F,20241216_B1,4,EO,100,L1,35.239792703548275,82.25,PC2 vs PC7,36
F,20241216_B1,4,EO,100,L2,41.503746716760794,58.85,PC2 vs PC7,36
F,20241216_B1,4,all,100,L1,34.31509585582592,67.95,PC2 vs PC4,36
F,20241216_B1,4,all,100,L2,41.25623645750048,53.5,PC2 vs PC4,36
L,20170725,9,EC,100,L1,33.84399853562413,30.349999999999998,PC3 vs PC4,46
L,20170725,9,EC,100,L2,42.295328260079074,45.550000000000004,PC1 vs PC4,46
L,20170725,9,EO,100,L1,32.98250980049661,18.9,PC3 vs PC7,46
L,20170725,9,EO,100,L2,37.140927826427955,0.65,PC3 vs PC7,46
L,20170725,9,all,100,L1,36.28544120744176,81.3,PC3 vs PC4,46
L,20170725,9,all,100,L2,42.71614972562489,56.45,PC1 vs PC5,46
L,20170725,10,EC,100,L1,30.938761469010537,10.25,PC2 vs PC6,37
L,20170725,10,EC,100,L2,38.74366373698207,10.9,PC2 vs PC6,37
L,20170725,10,EO,100,L1,28.641039341250067,2.1,PC6 vs PC7,37
L,20170725,10,EO,100,L2,37.72114847560563,7.000000000000001,PC6 vs PC7,37
L,20170725,10,all,100,L1,32.08846710472067,21.45,PC2 vs PC6,37
L,20170725,10,all,100,L2,40.33660719643862,27.450000000000003,PC4 vs PC6,37
L,20170725,11,EC,100,L1,31.079340360506098,13.900000000000002,PC2 vs PC3,36
L,20170725,11,EC,100,L2,39.14987402505944,17.7,PC1 vs PC3,36
L,20170725,11,EO,100,L1,31.354814317704943,16.35,PC2 vs PC4,36
L,20170725,11,EO,100,L2,40.183910842057855,31.55,PC2 vs PC4,36
L,20170725,11,all,100,L1,28.997040559989518,2.9499999999999997,PC2 vs PC4,36
L,20170725,11,all,100,L2,38.052928324011994,10.0,PC2 vs PC4,36
L,20170725,14,EC,100,L1,29.84563631492533,0.8999999999999999,PC4 vs PC5,43
L,20170725,14,EC,100,L2,37.161531585118844,0.8999999999999999,PC4 vs PC5,43
L,20170725,14,EO,100,L1,30.252353991413166,2.75,PC4 vs PC6,43
L,20170725,14,EO,100,L2,37.02784101318859,1.4000000000000001,PC6 vs PC7,43
L,20170725,14,all,100,L1,30.125188944475198,1.55,PC4 vs PC6,43
L,20170725,14,all,100,L2,37.71784519711654,1.7000000000000002,PC4 vs PC6,43
L,20170725,16,EC,100,L1,23.785201311538856,0.05,PC5 vs PC6,33
L,20170725,16,EC,100,L2,30.134963969468114,0.0,PC5 vs PC6,33
L,20170725,16,EO,100,L1,24.553606075802314,0.0,PC5 vs PC6,33
L,20170725,16,EO,100,L2,32.950734935373575,0.15,PC5 vs PC6,33
L,20170725,16,all,100,L1,23.73698736326069,0.0,PC5 vs PC6,33
L,20170725,16,all,100,L2,29.118460299541812,0.0,PC5 vs PC6,33
L,20170809,9,EC,100,L1,32.41178248863644,11.600000000000001,PC1 vs PC6,46
L,20170809,9,EC,100,L2,38.864162416590375,4.25,PC1 vs PC7,46
L,20170809,9,EO,100,L1,33.68685630583657,28.599999999999998,PC3 vs PC4,46
L,20170809,9,EO,100,L2,41.12119920283228,24.45,PC1 vs PC3,46
L,20170809,9,all,100,L1,33.11936269702123,17.349999999999998,PC1 vs PC6,46
L,20170809,9,all,100,L2,39.89865053441309,9.5,PC1 vs PC6,46
L,20170809,10,EC,100,L1,27.916582894429858,0.7000000000000001,PC2 vs PC4,37
L,20170809,10,EC,100,L2,37.13163799336431,3.6999999999999997,PC2 vs PC4,37
L,20170809,10,EO,100,L1,29.338340201287068,4.1000000000000005,PC3 vs PC6,37
L,20170809,10,EO,100,L2,38.870157677258554,14.499999999999998,PC3 vs PC6,37
L,20170809,10,all,100,L1,31.517505409373126,15.0,PC2 vs PC4,37
L,20170809,10,all,100,L2,39.136421058519765,13.850000000000001,PC3 vs PC4,37
L,20170809,11,EC,100,L1,29.020732159792217,3.1,PC4 vs PC7,36
L,20170809,11,EC,100,L2,36.5107543338854,2.9499999999999997,PC4 vs PC7,36
L,20170809,11,EO,100,L1,34.41144241467677,64.64999999999999,PC5 vs PC7,36
L,20170809,11,EO,100,L2,41.801255461756284,58.25,PC5 vs PC7,36
L,20170809,11,all,100,L1,35.2411097130433,75.4,PC2 vs PC3,36
L,20170809,11,all,100,L2,43.4422962557817,82.6,PC2 vs PC3,36
L,20170809,14,EC,100,L1,25.320281308458192,0.0,PC4 vs PC5,43
L,20170809,14,EC,100,L2,35.168649407633914,0.3,PC4 vs PC5,43
L,20170809,14,EO,100,L1,31.297247201191304,5.800000000000001,PC5 vs PC6,43
L,20170809,14,EO,100,L2,40.74861289597044,20.9,PC5 vs PC6,43
L,20170809,14,all,100,L1,30.65669104325442,2.65,PC4 vs PC5,43
L,20170809,14,all,100,L2,38.465126578235896,2.55,PC4 vs PC7,43
L,20170809,16,EC,100,L1,23.772065390936593,0.1,PC3 vs PC5,33
L,20170809,16,EC,100,L2,30.46122702011633,0.05,PC3 vs PC5,33
L,20170809,16,EO,100,L1,26.979459476725648,0.75,PC5 vs PC7,33
L,20170809,16,EO,100,L2,34.06558738638805,0.65,PC5 vs PC7,33
L,20170809,16,all,100,L1,27.090865511092456,1.15,PC5 vs PC6,33
L,20170809,16,all,100,L2,32.30718815911607,0.35000000000000003,PC5 vs PC6,33
L,20170810,9,EC,100,L1,32.44025394134768,12.7,PC1 vs PC3,46
L,20170810,9,EC,100,L2,40.7553502807656,18.4,PC1 vs PC3,46
L,20170810,9,EO,100,L1,34.72877387497937,48.199999999999996,PC1 vs PC5,46
L,20170810,9,EO,100,L2,41.530011818161334,30.5,PC1 vs PC5,46
L,20170810,9,all,100,L1,33.395278760168914,23.400000000000002,PC1 vs PC3,46
L,20170810,9,all,100,L2,41.922820397500026,36.85,PC1 vs PC3,46
L,20170810,10,EC,100,L1,31.247636105928272,13.200000000000001,PC4 vs PC7,37
L,20170810,10,EC,100,L2,38.302473914257554,8.85,PC4 vs PC7,37
L,20170810,10,EO,100,L1,32.15546305582549,24.349999999999998,PC3 vs PC7,37
L,20170810,10,EO,100,L2,38.04777448675788,8.4,PC3 vs PC7,37
L,20170810,10,all,100,L1,30.62807219613904,9.4,PC4 vs PC7,37
L,20170810,10,all,100,L2,38.0365191181529,7.95,PC4 vs PC7,37
L,20170810,11,EC,100,L1,35.294795359257954,77.4,PC1 vs PC5,36
L,20170810,11,EC,100,L2,43.44737761826045,83.2,PC2 vs PC7,36
L,20170810,11,EO,100,L1,31.979168410623743,21.9,PC2 vs PC7,36
L,20170810,11,EO,100,L2,41.14799811884619,43.75,PC2 vs PC7,36
L,20170810,11,all,100,L1,32.90433286243464,32.4,PC2 vs PC7,36
L,20170810,11,all,100,L2,41.73243010450879,50.9,PC2 vs PC6,36
L,20170810,14,EC,100,L1,30.88110359166783,4.05,PC4 vs PC5,43
L,20170810,14,EC,100,L2,37.799065683250866,1.95,PC4 vs PC5,43
L,20170810,14,EO,100,L1,26.616231383265692,0.05,PC6 vs PC7,43
L,20170810,14,EO,100,L2,35.867842044355676,0.5,PC5 vs PC7,43
L,20170810,14,all,100,L1,30.566205568996175,2.8000000000000003,PC4 vs PC6,43
L,20170810,14,all,100,L2,38.037000589562574,2.35,PC4 vs PC5,43
L,20170810,16,EC,100,L1,25.966716404208643,0.5,PC3 vs PC5,33
L,20170810,16,EC,100,L2,31.40614382564801,0.0,PC5 vs PC6,33
L,20170810,16,EO,100,L1,25.115686187511784,0.2,PC4 vs PC5,33
L,20170810,16,EO,100,L2,33.26929487593492,0.6,PC4 vs PC5,33
L,20170810,16,all,100,L1,25.476717249811998,0.44999999999999996,PC3 vs PC5,33
L,20170810,16,all,100,L2,33.61189113191288,0.6,PC3 vs PC5,33
N,20240719_B1,3,EC,100,L1,28.544366858333078,1.7999999999999998,PC4 vs PC6,37
N,20240719_B1,3,EC,100,L2,37.25914070467901,4.6,PC4 vs PC6,37
N,20240719_B1,3,EO,100,L1,28.244610058439154,1.7999999999999998,PC3 vs PC6,37
N,20240719_B1,3,EO,100,L2,36.050067737746986,1.95,PC6 vs PC7,37
N,20240719_B1,3,all,100,L1,28.040401309968946,1.4000000000000001,PC4 vs PC7,37
N,20240719_B1,3,all,100,L2,37.759118128604136,7.35,PC4 vs PC7,37
N,20240719_B1,6,EC,100,L1,27.112909560237924,0.4,PC4 vs PC6,39
N,20240719_B1,6,EC,100,L2,33.22750613725747,0.1,PC4 vs PC6,39
N,20240719_B1,6,EO,100,L1,27.056592007094302,0.1,PC4 vs PC5,39
N,20240719_B1,6,EO,100,L2,35.79070746627756,0.6,PC4 vs PC5,39
N,20240719_B1,6,all,100,L1,24.299037704213927,0.0,PC4 vs PC6,39
N,20240719_B1,6,all,100,L2,32.014371487962826,0.05,PC4 vs PC6,39
N,20240719_B2,3,EC,100,L1,30.115886089191882,7.35,PC4 vs PC6,37
N,20240719_B2,3,EC,100,L2,38.292513037907185,11.05,PC1 vs PC6,37
N,20240719_B2,3,EO,100,L1,29.99062550691175,6.3,PC6 vs PC7,37
N,20240719_B2,3,EO,100,L2,37.509990901544,5.65,PC4 vs PC7,37
N,20240719_B2,3,all,100,L1,26.121806904114564,0.2,PC6 vs PC7,37
N,20240719_B2,3,all,100,L2,33.12591070844298,0.35000000000000003,PC6 vs PC7,37
N,20240719_B2,6,EC,100,L1,28.29994277545732,0.8500000000000001,PC3 vs PC6,39
N,20240719_B2,6,EC,100,L2,35.53222671112403,0.75,PC3 vs PC6,39
N,20240719_B2,6,EO,100,L1,25.978461579880932,0.15,PC4 vs PC5,39
N,20240719_B2,6,EO,100,L2,35.3946291049527,0.8,PC4 vs PC5,39
N,20240719_B2,6,all,100,L1,26.449601954565505,0.2,PC4 vs PC5,39
N,20240719_B2,6,all,100,L2,34.27037817806225,0.3,PC4 vs PC5,39
