monkey,date,array,condition,bin_ms,real_error,pct_uniform,pct_perm
F,20240122_B1,1,EC,100,32.100911404730624,25.15,27.900000000000002
F,20240122_B1,1,EO,100,33.668018604887,40.1,44.4
F,20240122_B1,1,all,100,37.25827141381402,80.25,80.60000000000001
F,20240122_B1,2,EC,100,36.37638927071755,35.55,35.5
F,20240122_B1,2,EO,100,30.562124860154807,2.25,2.3
F,20240122_B1,2,all,100,33.1665498586277,9.1,9.6
F,20240122_B1,3,EC,100,38.01334215483168,79.10000000000001,80.10000000000001
F,20240122_B1,3,EO,100,35.245468594995096,46.5,47.9
F,20240122_B1,3,all,100,37.782074686570205,75.9,79.9
F,20240122_B1,4,EC,100,39.723569197972274,27.750000000000004,27.400000000000002
F,20240122_B1,4,EO,100,41.30060691931825,51.55,54.7
F,20240122_B1,4,all,100,40.26179703581465,34.449999999999996,35.6
F,20240122_B1,5,EC,100,35.16399675115266,52.75,53.0
F,20240122_B1,5,EO,100,38.11392872912348,85.95,85.7
F,20240122_B1,5,all,100,37.54021161363111,79.4,81.6
F,20240122_B1,6,EC,100,31.253946666302788,18.6,16.6
F,20240122_B1,6,EO,100,30.76020318272179,15.299999999999999,12.1
F,20240122_B1,6,all,100,32.39587524432422,27.3,22.6
F,20240122_B1,7,EC,100,24.259591835679245,71.25,92.30000000000001
F,20240122_B1,7,EO,100,25.243151857571817,74.95,96.5
F,20240122_B1,7,all,100,14.525104857552117,14.85,43.9
F,20240122_B1,8,EC,100,23.893358681574348,21.5,6.6000000000000005
F,20240122_B1,8,EO,100,31.295789308527958,82.75,65.3
F,20240122_B1,8,all,100,29.31080765133992,67.95,45.300000000000004
F,20241216_B1,1,EC,100,25.905658660902933,1.7999999999999998,2.5
F,20241216_B1,1,EO,100,25.78336680870813,1.9,1.7000000000000002
F,20241216_B1,1,all,100,36.16786975857928,72.7,72.7
F,20241216_B1,2,EC,100,36.409518870008,35.75,35.699999999999996
F,20241216_B1,2,EO,100,35.652591852793925,29.75,29.2
F,20241216_B1,2,all,100,36.033277896874395,31.2,33.1
F,20241216_B1,3,EC,100,31.660051498496642,14.799999999999999,13.8
F,20241216_B1,3,EO,100,30.866272995726398,10.2,11.3
F,20241216_B1,3,all,100,30.348614403009627,6.75,8.200000000000001
F,20241216_B1,4,EC,100,39.43607748822353,24.7,24.8
F,20241216_B1,4,EO,100,41.503746716760794,58.85,56.39999999999999
F,20241216_B1,4,all,100,41.25623645750048,53.5,54.2
F,20241216_B1,5,EC,100,35.11742072479493,49.7,47.0
F,20241216_B1,5,EO,100,33.11959330589978,27.150000000000002,29.299999999999997
F,20241216_B1,5,all,100,30.30603310763033,8.450000000000001,8.799999999999999
F,20241216_B1,6,EC,100,34.037156372150214,51.2,41.5
F,20241216_B1,6,EO,100,30.448397660163888,16.35,9.9
F,20241216_B1,6,all,100,33.921007065643046,46.949999999999996,39.7
F,20241216_B1,7,EC,100,19.043211008616165,36.199999999999996,59.099999999999994
F,20241216_B1,7,EO,100,19.479407536277037,41.099999999999994,51.5
F,20241216_B1,7,all,100,18.261467609681503,31.0,50.8
F,20241216_B1,8,EC,100,18.805222306964094,4.2,0.7000000000000001
F,20241216_B1,8,EO,100,19.259986137855822,5.1499999999999995,0.5
F,20241216_B1,8,all,100,19.041323060930548,4.1000000000000005,0.6
L,20170725,1,EC,100,41.54367621592816,84.6,82.89999999999999
L,20170725,1,EO,100,37.57818858730216,29.7,29.099999999999998
L,20170725,1,all,100,40.79277083780241,76.44999999999999,76.4
L,20170725,4,EC,100,32.40532657347861,22.15,25.3
L,20170725,4,EO,100,36.82174764560261,73.9,78.2
L,20170725,4,all,100,29.390327668689785,6.550000000000001,9.3
L,20170725,5,EC,100,37.35304672708639,39.800000000000004,40.8
L,20170725,5,EO,100,35.73473345697005,23.400000000000002,23.200000000000003
L,20170725,5,all,100,33.837800351047655,10.45,10.2
L,20170725,6,EC,100,37.81250934751511,28.9,30.4
L,20170725,6,EO,100,39.340680016672785,50.24999999999999,50.1
L,20170725,6,all,100,40.36347194891878,67.15,68.7
L,20170725,7,EC,100,37.62349770821626,11.05,11.4
L,20170725,7,EO,100,38.956656063055156,24.5,24.7
L,20170725,7,all,100,37.48256917310849,10.4,10.5
L,20170725,8,EC,100,33.8842947069596,61.75000000000001,65.8
L,20170725,8,EO,100,35.15654854430504,71.6,79.10000000000001
L,20170725,8,all,100,38.07046003074094,93.25,95.1
L,20170725,9,EC,100,42.295328260079074,45.550000000000004,41.8
L,20170725,9,EO,100,37.140927826427955,0.65,1.3
L,20170725,9,all,100,42.71614972562489,56.45,54.7
L,20170725,10,EC,100,38.74366373698207,10.9,11.3
L,20170725,10,EO,100,37.72114847560563,7.000000000000001,6.2
L,20170725,10,all,100,40.33660719643862,27.450000000000003,29.2
L,20170725,11,EC,100,39.14987402505944,17.7,18.0
L,20170725,11,EO,100,40.183910842057855,31.55,32.300000000000004
L,20170725,11,all,100,38.052928324011994,10.0,7.9
L,20170725,12,EC,100,40.17331244486471,59.099999999999994,43.6
L,20170725,12,EO,100,39.17206409814921,44.45,31.900000000000002
L,20170725,12,all,100,39.34830632806028,44.55,29.299999999999997
L,20170725,13,EC,100,33.21676237991945,1.95,2.9000000000000004
L,20170725,13,EO,100,32.187692845910824,1.0,1.6
L,20170725,13,all,100,31.64180039518378,0.8999999999999999,1.2
L,20170725,14,EC,100,37.161531585118844,0.8999999999999999,0.8999999999999999
L,20170725,14,EO,100,37.02784101318859,1.4000000000000001,1.7000000000000002
L,20170725,14,all,100,37.71784519711653,1.7000000000000002,2.1999999999999997
L,20170725,15,EC,100,41.77542298064425,93.25,94.6
L,20170725,15,EO,100,39.98241628402138,79.60000000000001,80.9
L,20170725,15,all,100,39.40236790915456,71.35000000000001,75.4
L,20170725,16,EC,100,30.134963969468114,0.0,0.2
L,20170725,16,EO,100,32.95073493537358,0.15,0.4
L,20170725,16,all,100,29.118460299541816,0.0,0.0
L,20170809,1,EC,100,38.35734763986668,40.0,42.3
L,20170809,1,EO,100,36.8293845207006,23.599999999999998,24.2
L,20170809,1,all,100,39.71549717247945,59.95,61.5
L,20170809,4,EC,100,32.67277953038677,24.5,27.900000000000002
L,20170809,4,EO,100,28.934904618708362,6.8500000000000005,7.7
L,20170809,4,all,100,32.69100553205147,24.15,28.799999999999997
L,20170809,5,EC,100,38.16919163417963,46.400000000000006,45.2
L,20170809,5,EO,100,35.80954372240341,23.5,27.200000000000003
L,20170809,5,all,100,36.21185954765357,25.85,25.6
L,20170809,6,EC,100,37.89498143444143,33.0,34.699999999999996
L,20170809,6,EO,100,40.159921056715696,65.9,64.3
L,20170809,6,all,100,37.910430216167526,32.25,34.4
L,20170809,7,EC,100,37.70991236978789,14.6,12.1
L,20170809,7,EO,100,36.633816954262024,8.35,7.1
L,20170809,7,all,100,38.68747869030826,24.65,22.5
L,20170809,8,EC,100,34.634050446372655,66.55,72.3
L,20170809,8,EO,100,29.159444642115254,18.2,23.799999999999997
L,20170809,8,all,100,27.847288451438235,11.450000000000001,14.299999999999999
L,20170809,9,EC,100,38.864162416590375,4.25,3.8
L,20170809,9,EO,100,41.12119920283228,24.45,30.099999999999998
L,20170809,9,all,100,39.89865053441309,9.5,10.100000000000001
L,20170809,10,EC,100,37.13163799336431,3.6999999999999997,5.2
L,20170809,10,EO,100,38.870157677258554,14.499999999999998,15.4
L,20170809,10,all,100,39.136421058519765,13.850000000000001,16.6
L,20170809,11,EC,100,36.5107543338854,2.9499999999999997,3.2
L,20170809,11,EO,100,41.801255461756284,58.25,59.699999999999996
L,20170809,11,all,100,43.4422962557817,82.6,83.2
L,20170809,12,EC,100,38.29603297148993,28.749999999999996,18.0
L,20170809,12,EO,100,39.231321997192225,42.4,34.4
L,20170809,12,all,100,35.010968058317246,5.6000000000000005,2.7
L,20170809,13,EC,100,33.83091057677955,3.4000000000000004,4.2
L,20170809,13,EO,100,31.581106426010756,1.0,1.0
L,20170809,13,all,100,31.869228455651452,0.95,0.8999999999999999
L,20170809,14,EC,100,35.168649407633914,0.3,0.2
L,20170809,14,EO,100,40.74861289597044,20.9,22.900000000000002
L,20170809,14,all,100,38.465126578235896,2.55,3.5999999999999996
L,20170809,15,EC,100,39.76219469648083,73.2,74.9
L,20170809,15,EO,100,40.00594132053932,78.7,79.7
L,20170809,15,all,100,39.15486184748683,64.35,66.9
L,20170809,16,EC,100,30.46122702011633,0.05,0.0
L,20170809,16,EO,100,34.06558738638805,0.65,1.4000000000000001
L,20170809,16,all,100,32.30718815911607,0.35000000000000003,0.4
L,20170810,1,EC,100,35.82147543787094,14.6,16.0
L,20170810,1,EO,100,39.37091222762866,55.75,58.8
L,20170810,1,all,100,32.748429399994876,2.0500000000000003,3.3000000000000003
L,20170810,4,EC,100,36.685606720854054,67.75,68.89999999999999
L,20170810,4,EO,100,35.486645224669836,56.05,59.4
L,20170810,4,all,100,35.159932308355266,51.24999999999999,54.400000000000006
L,20170810,5,EC,100,39.229420152576736,65.05,67.10000000000001
L,20170810,5,EO,100,40.4981418421678,77.14999999999999,79.80000000000001
L,20170810,5,all,100,37.08056921441433,38.15,36.7
L,20170810,6,EC,100,41.52712176094826,82.69999999999999,83.6
L,20170810,6,EO,100,40.82119479887406,73.65,73.6
L,20170810,6,all,100,41.4901216938308,81.95,79.5
L,20170810,7,EC,100,37.879455045225455,14.05,12.7
L,20170810,7,EO,100,34.77999657479079,1.7999999999999998,1.3
L,20170810,7,all,100,38.060659473331604,16.3,13.5
L,20170810,8,EC,100,25.64037793641503,5.1,4.3
L,20170810,8,EO,100,26.360799722104073,6.9,8.4
L,20170810,8,all,100,23.21375154609986,1.9,2.1
L,20170810,9,EC,100,40.7553502807656,18.4,14.799999999999999
L,20170810,9,EO,100,41.530011818161334,30.5,26.1
L,20170810,9,all,100,41.922820397500026,36.85,32.6
L,20170810,10,EC,100,38.302473914257554,8.85,8.9
L,20170810,10,EO,100,38.04777448675788,8.4,7.5
L,20170810,10,all,100,38.0365191181529,7.95,8.1
L,20170810,11,EC,100,43.447377618260454,83.2,84.7
L,20170810,11,EO,100,41.14799811884619,43.75,45.5
L,20170810,11,all,100,41.73243010450879,50.9,52.1
L,20170810,12,EC,100,37.71867537616854,21.8,14.399999999999999
L,20170810,12,EO,100,38.82981000470493,37.8,32.1
L,20170810,12,all,100,37.53310828968424,21.15,14.299999999999999
L,20170810,13,EC,100,29.320104110187604,0.05,0.0
L,20170810,13,EO,100,29.994528098636312,0.5,0.2
L,20170810,13,all,100,27.833469445358762,0.15,0.1
L,20170810,14,EC,100,37.799065683250866,1.95,3.1
L,20170810,14,EO,100,35.867842044355676,0.5,0.1
L,20170810,14,all,100,38.037000589562574,2.35,3.3000000000000003
L,20170810,15,EC,100,39.350630118259424,65.25,65.9
L,20170810,15,EO,100,42.32524092290992,95.3,95.19999999999999
L,20170810,15,all,100,42.08847850890634,93.35,93.5
L,20170810,16,EC,100,31.40614382564801,0.0,0.3
L,20170810,16,EO,100,33.26929487593492,0.6,0.4
L,20170810,16,all,100,33.61189113191288,0.6,1.3
N,20240719_B1,1,EC,100,14.691329502104866,0.0,0.0
N,20240719_B1,1,EO,100,20.668882734630067,0.05,0.0
N,20240719_B1,1,all,100,16.733019733422708,0.0,0.0
N,20240719_B1,2,EC,100,39.53065614096449,95.95,93.5
N,20240719_B1,2,EO,100,34.043851601539394,48.3,42.9
N,20240719_B1,2,all,100,37.197563940718254,76.05,78.5
N,20240719_B1,3,EC,100,37.25914070467901,4.6,3.9
N,20240719_B1,3,EO,100,36.050067737746986,1.95,2.0
N,20240719_B1,3,all,100,37.759118128604136,7.35,5.8999999999999995
N,20240719_B1,4,EC,100,31.20383471135861,27.400000000000002,8.799999999999999
N,20240719_B1,4,EO,100,30.093340476609228,19.0,5.1
N,20240719_B1,4,all,100,32.73125141439929,40.300000000000004,20.200000000000003
N,20240719_B1,6,EC,100,33.227506137257464,0.1,0.2
N,20240719_B1,6,EO,100,35.79070746627756,0.6,1.0999999999999999
N,20240719_B1,6,all,100,32.014371487962826,0.05,0.0
N,20240719_B1,7,EC,100,36.89141788051887,33.15,29.599999999999998
N,20240719_B1,7,EO,100,37.627103828830855,44.85,43.8
N,20240719_B1,7,all,100,38.62950680091886,56.45,53.5
N,20240719_B1,8,EC,100,21.858001963138804,40.699999999999996,32.4
N,20240719_B1,8,EO,100,13.429579874590788,4.9,2.5
N,20240719_B1,8,all,100,13.429579874590788,4.65,2.1
N,20240719_B2,1,EC,100,19.01480741848706,0.0,0.0
N,20240719_B2,1,EO,100,19.694956202144823,0.0,0.0
N,20240719_B2,1,all,100,17.226516707854547,0.05,0.0
N,20240719_B2,2,EC,100,35.8584172661994,68.10000000000001,61.199999999999996
N,20240719_B2,2,EO,100,30.82419107283598,20.7,14.799999999999999
N,20240719_B2,2,all,100,38.10769421128597,84.7,80.10000000000001
N,20240719_B2,3,EC,100,38.292513037907185,11.05,9.0
N,20240719_B2,3,EO,100,37.509990901544,5.65,5.1
N,20240719_B2,3,all,100,33.12591070844298,0.35000000000000003,0.1
N,20240719_B2,4,EC,100,36.52816285513225,81.69999999999999,64.5
N,20240719_B2,4,EO,100,36.95963198524645,86.0,67.10000000000001
N,20240719_B2,4,all,100,35.19309954105557,65.7,40.699999999999996
N,20240719_B2,6,EC,100,35.53222671112403,0.75,1.0
N,20240719_B2,6,EO,100,35.3946291049527,0.8,0.5
N,20240719_B2,6,all,100,34.27037817806225,0.3,0.1
N,20240719_B2,7,EC,100,33.10511163931069,5.4,4.6
N,20240719_B2,7,EO,100,34.36847514119038,11.15,11.0
N,20240719_B2,7,all,100,37.37888338665569,39.45,38.6
N,20240719_B2,8,EC,100,25.457979666912102,66.35,66.8
N,20240719_B2,8,EO,100,25.653273654277278,70.0,71.8
N,20240719_B2,8,all,100,24.617221921786,61.35,60.699999999999996
